Workbook

Sheet birth to date
A1: 31922
A2: =NOW() -> 44562.365 | B2: =DATEDIF(A1,A2,"d") -> 12640

Sheet nasdaq 100
A1: week of year | B1: Weekday | C1: 日期 | D1: 收盘 | E1: 开盘 | F1: SMA5 | G1: SMA10 | H1: daily | I1: daily open | J1: daily - daily open | K1: go to SMA5 | L1: go to SMA10 | M1: compare to SMA5 | N1: compare to SMA10 | O1: SMA5 - SMA10 | P1: YTD | Q1: year over year | R1: week | T1: month | U1: go to 5 days before | V1: down 1% | W1: 5 days | X1: SMA5 5 days ago | Y1: go to SMA5*(1-0.01) | Z1: go to SMA5*(1-0.005) | AA1: daily down | AB1: daily up | AC1: EMA5 | AD1: EMA5(indice)
A2: =WEEKNUM(C2,2) -> 53 | B2: =WEEKDAY(C2,2) -> 5 | C2: 39080 | D2: 1756.9 | E2: 1759.15
A3: =WEEKNUM(C3,2) -> 1 | B3: =WEEKDAY(C3,2) -> 3 | C3: 39085 | D3: 1759.37 | E3: 1769.22 | H3: =(D3-D2)/D2 -> 0.0014058854 | I3: =(E3-D2)/D2 -> 0.0070123513 | J3: =H3-I3 -> -0.0056064659 | P3: =(D3-1756.9)/1756.9 -> 0.0014058854 | AA3: =(D3-D2)/D2 -> 0.0014058854 | AB3: =(D3-D2)/D2 -> 0.0014058854
A4: =WEEKNUM(C4,2) -> 1 | B4: =WEEKDAY(C4,2) -> 4 | C4: 39086 | D4: 1792.91 | E4: 1763.15 | H4: =(D4-D3)/D3 -> 0.019063642 | I4: =(E4-D3)/D3 -> 0.0021484963 | J4: =H4-I4 -> 0.016915146 | P4: =(D4-1756.9)/1756.9 -> 0.020496329 | AA4: =(D4-D3)/D3 -> 0.019063642 | AB4: =(D4-D3)/D3 -> 0.019063642
A5: =WEEKNUM(C5,2) -> 1 | B5: =WEEKDAY(C5,2) -> 5 | C5: 39087 | D5: 1785.3 | E5: 1787.79 | H5: =(D5-D4)/D4 -> -0.0042444964 | I5: =(E5-D4)/D4 -> -0.0028556927 | J5: =H5-I5 -> -0.0013888037 | P5: =(D5-1756.9)/1756.9 -> 0.016164836 | AA5: =(D5-D4)/D4 -> -0.0042444964 | AB5: =(D5-D4)/D4 -> -0.0042444964
A6: =WEEKNUM(C6,2) -> 2 | B6: =WEEKDAY(C6,2) -> 1 | C6: 39090 | D6: 1787.14 | E6: 1786.39 | F6: =AVERAGE(D2:D6) -> 1776.324 | H6: =(D6-D5)/D5 -> 0.0010306391 | I6: =(E6-D5)/D5 -> 0.00061054165 | J6: =H6-I6 -> 0.00042009746 | K6: =(SUM(D2:D5)/4-D5)/D5 -> -0.0065423178 | M6: =(D6-F6)/F6 -> 0.0060889793 | P6: =(D6-1756.9)/1756.9 -> 0.017212135 | Y6: =(SUM(D2:D5)*(0.99/4.01)-D5)/D5 -> -0.018929571 | Z6: =(SUM(D2:D5)*(0.995/4.005)-D5)/D5 -> -0.012743677 | AA6: =(D6-D5)/D5 -> 0.0010306391 | AB6: =(D6-D5)/D5 -> 0.0010306391
A7: =WEEKNUM(C7,2) -> 2 | B7: =WEEKDAY(C7,2) -> 2 | C7: 39091 | D7: 1795.63 | E7: 1791.75 | F7: =AVERAGE(D3:D7) -> 1784.07 | H7: =(D7-D6)/D6 -> 0.0047506071 | I7: =(E7-D6)/D6 -> 0.0025795405 | J7: =H7-I7 -> 0.0021710666 | K7: =(SUM(D3:D6)/4-D6)/D6 -> -0.0033349374 | M7: =(D7-F7)/F7 -> 0.0064795664 | P7: =(D7-1756.9)/1756.9 -> 0.02204451 | U7: =(D2-D6)/D6 -> -0.01692089 | V7: =(D2*(1-0.01)-D6)/D6 -> -0.026751681 | W7: =(D7-D2)/D2 -> 0.02204451 | Y7: =(SUM(D3:D6)*(0.99/4.01)-D6)/D6 -> -0.015762183 | Z7: =(SUM(D3:D6)*(0.995/4.005)-D6)/D6 -> -0.0095563173 | AA7: =(D7-D6)/D6 -> 0.0047506071 | AB7: =(D7-D6)/D6 -> 0.0047506071
A8: =WEEKNUM(C8,2) -> 2 | B8: =WEEKDAY(C8,2) -> 3 | C8: 39092 | D8: 1816.15 | E8: 1790.51 | F8: =AVERAGE(D4:D8) -> 1795.426 | H8: =(D8-D7)/D7 -> 0.011427744 | I8: =(E8-D7)/D7 -> -0.0028513669 | J8: =H8-I8 -> 0.014279111 | K8: =(SUM(D4:D7)/4-D7)/D7 -> -0.0029989474 | M8: =(D8-F8)/F8 -> 0.011542665 | P8: =(D8-1756.9)/1756.9 -> 0.033724173 | U8: =(D3-D7)/D7 -> -0.02019347 | V8: =(D3*(1-0.01)-D7)/D7 -> -0.029991535 | W8: =(D8-D3)/D3 -> 0.032272916 | Y8: =(SUM(D4:D7)*(0.99/4.01)-D7)/D7 -> -0.015430382 | Z8: =(SUM(D4:D7)*(0.995/4.005)-D7)/D7 -> -0.0092224247 | AA8: =(D8-D7)/D7 -> 0.011427744 | AB8: =(D8-D7)/D7 -> 0.011427744 | AC8: =(D8-AD8)/D8 -> 0.011775826 | AD8: =D8*(2/(5+1))+AVERAGE(D3:D7)*(1-(2/(5+1))) -> 1794.7633
A9: =WEEKNUM(C9,2) -> 2 | B9: =WEEKDAY(C9,2) -> 4 | C9: 39093 | D9: 1834.86 | E9: 1820.75 | F9: =AVERAGE(D5:D9) -> 1803.816 | H9: =(D9-D8)/D8 -> 0.010302012 | I9: =(E9-D8)/D8 -> 0.0025328304 | J9: =H9-I9 -> 0.0077691821 | K9: =(SUM(D5:D8)/4-D8)/D8 -> -0.011064615 | M9: =(D9-F9)/F9 -> 0.017210181 | P9: =(D9-1756.9)/1756.9 -> 0.044373613 | U9: =(D4-D8)/D8 -> -0.0127963 | V9: =(D4*(1-0.01)-D8)/D8 -> -0.022668337 | W9: =(D9-D4)/D4 -> 0.023397717 | Y9: =(SUM(D5:D8)*(0.99/4.01)-D8)/D8 -> -0.02339548 | Z9: =(SUM(D5:D8)*(0.995/4.005)-D8)/D8 -> -0.017237744 | AA9: =(D9-D8)/D8 -> 0.010302012 | AB9: =(D9-D8)/D8 -> 0.010302012 | AC9: =(D9-AD9)/D9 -> 0.014568474 | AD9: =D9*(2/(5+1))+AD8*(1-(2/(5+1))) -> 1808.1289
A10: =WEEKNUM(C10,2) -> 2 | B10: =WEEKDAY(C10,2) -> 5 | C10: 39094 | D10: 1844.81 | E10: 1832.15 | F10: =AVERAGE(D6:D10) -> 1815.718 | H10: =(D10-D9)/D9 -> 0.005422757 | I10: =(E10-D9)/D9 -> -0.0014769519 | J10: =H10-I10 -> 0.006899709 | K10: =(SUM(D6:D9)/4-D9)/D9 -> -0.014396194 | M10: =(D10-F10)/F10 -> 0.016022312 | P10: =(D10-1756.9)/1756.9 -> 0.050036997 | U10: =(D5-D9)/D9 -> -0.027010235 | V10: =(D5*(1-0.01)-D9)/D9 -> -0.036740133 | W10: =(D10-D5)/D5 -> 0.033333333 | Y10: =(SUM(D6:D9)*(0.99/4.01)-D9)/D9 -> -0.026685518 | Z10: =(SUM(D6:D9)*(0.995/4.005)-D9)/D9 -> -0.020548527 | AA10: =(D10-D9)/D9 -> 0.005422757 | AB10: =(D10-D9)/D9 -> 0.005422757 | AC10: =(D10-AD10)/D10 -> 0.013255606 | AD10: =D10*(2/(5+1))+AD9*(1-(2/(5+1))) -> 1820.3559
A11: =WEEKNUM(C11,2) -> 3 | B11: =WEEKDAY(C11,2) -> 2 | C11: 39098 | D11: 1842.44 | E11: 1844.73 | F11: =AVERAGE(D7:D11) -> 1826.778 | G11: =AVERAGE(D2:D11) -> 1801.551 | H11: =(D11-D10)/D10 -> -0.0012846851 | I11: =(E11-D10)/D10 -> -4.3364899e-05 | J11: =H11-I11 -> -0.0012413202 | K11: =(SUM(D7:D10)/4-D10)/D10 -> -0.011896889 | L11: =(SUM(D2:D10)/9-D10)/D10 -> -0.025911732 | M11: =(D11-F11)/F11 -> 0.008573565 | N11: =(D11-G11)/G11 -> 0.022696554 | O11: =(F11-G11)/D11 -> 0.013692169 | P11: =(D11-1756.9)/1756.9 -> 0.04868803 | U11: =(D6-D10)/D10 -> -0.031260672 | V11: =(D6*(1-0.01)-D10)/D10 -> -0.040948065 | W11: =(D11-D6)/D6 -> 0.030943295 | X11: =(F11-F6)/F6 -> 0.028403602 | Y11: =(SUM(D7:D10)*(0.99/4.01)-D10)/D10 -> -0.024217377 | Z11: =(SUM(D7:D10)*(0.995/4.005)-D10)/D10 -> -0.018064824 | AA11: =(D11-D10)/D10 -> -0.0012846851 | AB11: =(D11-D10)/D10 -> -0.0012846851 | AC11: =(D11-AD11)/D11 -> 0.0079908795 | AD11: =D11*(2/(5+1))+AD10*(1-(2/(5+1))) -> 1827.7173
A12: =WEEKNUM(C12,2) -> 3 | B12: =WEEKDAY(C12,2) -> 3 | C12: 39099 | D12: 1827.68 | E12: 1835.05 | F12: =AVERAGE(D8:D12) -> 1833.188 | G12: =AVERAGE(D3:D12) -> 1808.629 | H12: =(D12-D11)/D11 -> -0.0080111157 | I12: =(E12-D11)/D11 -> -0.0040109854 | J12: =H12-I12 -> -0.0040001303 | K12: =(SUM(D8:D11)/4-D11)/D11 -> -0.0042742233 | L12: =(SUM(D3:D11)/9-D11)/D11 -> -0.019500107 | M12: =(D12-F12)/F12 -> -0.0030046018 | N12: =(D12-G12)/G12 -> 0.010533393 | O12: =(F12-G12)/D12 -> 0.013437254 | P12: =(D12-1756.9)/1756.9 -> 0.040286869 | U12: =(D7-D11)/D11 -> -0.025406526 | V12: =(D7*(1-0.01)-D11)/D11 -> -0.035152461 | W12: =(D12-D7)/D7 -> 0.017848889 | X12: =(F12-F7)/F7 -> 0.027531431 | Y12: =(SUM(D8:D11)*(0.99/4.01)-D11)/D11 -> -0.016689757 | Z12: =(SUM(D8:D11)*(0.995/4.005)-D11)/D11 -> -0.01048974 | AA12: =(D12-D11)/D11 -> -0.0080111157 | AB12: =(D12-D11)/D11 -> -0.0080111157 | AC12: =(D12-AD12)/D12 -> -1.3599737e-05 | AD12: =D12*(2/(5+1))+AD11*(1-(2/(5+1))) -> 1827.7049
A13: =WEEKNUM(C13,2) -> 3 | B13: =WEEKDAY(C13,2) -> 4 | C13: 39100 | D13: 1793.68 | E13: 1821.99 | F13: =AVERAGE(D9:D13) -> 1828.694 | G13: =AVERAGE(D4:D13) -> 1812.06 | H13: =(D13-D12)/D12 -> -0.018602819 | I13: =(E13-D12)/D12 -> -0.0031132365 | J13: =H13-I13 -> -0.015489582 | K13: =(SUM(D9:D12)/4-D12)/D12 -> 0.0053442069 | L13: =(SUM(D4:D12)/9-D12)/D12 -> -0.0074289688 | M13: =(D13-F13)/F13 -> -0.019146998 | N13: =(D13-G13)/G13 -> -0.010143152 | O13: =(F13-G13)/D13 -> 0.009273672 | P13: =(D13-1756.9)/1756.9 -> 0.020934601 | U13: =(D8-D12)/D12 -> -0.0063085442 | V13: =(D8*(1-0.01)-D12)/D12 -> -0.016245459 | W13: =(D13-D8)/D8 -> -0.012372326 | X13: =(F13-F8)/F8 -> 0.018529307 | Y13: =(SUM(D9:D12)*(0.99/4.01)-D12)/D12 -> -0.0071912571 | Z13: =(SUM(D9:D12)*(0.995/4.005)-D12)/D12 -> -0.00093134998 | AA13: =(D13-D12)/D12 -> -0.018602819 | AB13: =(D13-D12)/D12 -> -0.018602819 | AC13: =(D13-AD13)/D13 -> -0.012646201 | AD13: =D13*(2/(5+1))+AD12*(1-(2/(5+1))) -> 1816.3632
A14: =WEEKNUM(C14,2) -> 3 | B14: =WEEKDAY(C14,2) -> 5 | C14: 39101 | D14: 1796.81 | E14: 1787.82 | F14: =AVERAGE(D10:D14) -> 1821.084 | G14: =AVERAGE(D5:D14) -> 1812.45 | H14: =(D14-D13)/D13 -> 0.0017450158 | I14: =(E14-D13)/D13 -> -0.0032670264 | J14: =H14-I14 -> 0.0050120423 | K14: =(SUM(D10:D13)/4-D13)/D13 -> 0.018661355 | L14: =(SUM(D5:D13)/9-D13)/D13 -> 0.011433354 | M14: =(D14-F14)/F14 -> -0.013329424 | N14: =(D14-G14)/G14 -> -0.0086292036 | O14: =(F14-G14)/D14 -> 0.0048051825 | P14: =(D14-1756.9)/1756.9 -> 0.022716148 | U14: =(D9-D13)/D13 -> 0.022958387 | V14: =(D9*(1-0.01)-D13)/D13 -> 0.012728803 | W14: =(D14-D9)/D9 -> -0.020737277 | X14: =(F14-F9)/F9 -> 0.0095730385 | Y14: =(SUM(D10:D13)*(0.99/4.01)-D13)/D13 -> 0.0059598423 | Z14: =(SUM(D10:D13)*(0.995/4.005)-D13)/D13 -> 0.01230267 | AA14: =(D14-D13)/D13 -> 0.0017450158 | AB14: =(D14-D13)/D13 -> 0.0017450158 | AC14: =(D14-AD14)/D14 -> -0.0072547969 | AD14: =D14*(2/(5+1))+AD13*(1-(2/(5+1))) -> 1809.8455
A15: =WEEKNUM(C15,2) -> 4 | B15: =WEEKDAY(C15,2) -> 1 | C15: 39104 | D15: 1779.02 | E15: 1800.33 | F15: =AVERAGE(D11:D15) -> 1807.926 | G15: =AVERAGE(D6:D15) -> 1811.822 | H15: =(D15-D14)/D14 -> -0.0099008799 | I15: =(E15-D14)/D14 -> 0.0019590274 | J15: =H15-I15 -> -0.011859907 | K15: =(SUM(D11:D14)/4-D14)/D14 -> 0.010208369 | L15: =(SUM(D6:D14)/9-D14)/D14 -> 0.010383216 | M15: =(D15-F15)/F15 -> -0.015988486 | N15: =(D15-G15)/G15 -> -0.018104427 | O15: =(F15-G15)/D15 -> -0.0021899698 | P15: =(D15-1756.9)/1756.9 -> 0.012590358 | U15: =(D10-D14)/D14 -> 0.02671401 | V15: =(D10*(1-0.01)-D14)/D14 -> 0.01644687 | W15: =(D15-D10)/D10 -> -0.035662209 | X15: =(F15-F10)/F10 -> -0.0042914153 | Y15: =(SUM(D11:D14)*(0.99/4.01)-D14)/D14 -> -0.0023877451 | Z15: =(SUM(D11:D14)*(0.995/4.005)-D14)/D14 -> 0.0039024494 | AA15: =(D15-D14)/D14 -> -0.0099008799 | AB15: =(D15-D14)/D14 -> -0.0099008799 | AC15: =(D15-AD15)/D15 -> -0.011551488 | AD15: =D15*(2/(5+1))+AD14*(1-(2/(5+1))) -> 1799.5703
A16: =WEEKNUM(C16,2) -> 4 | B16: =WEEKDAY(C16,2) -> 2 | C16: 39105 | D16: 1773.4 | E16: 1776.83 | F16: =AVERAGE(D12:D16) -> 1794.118 | G16: =AVERAGE(D7:D16) -> 1810.448 | H16: =(D16-D15)/D15 -> -0.0031590426 | I16: =(E16-D15)/D15 -> -0.0012310148 | J16: =H16-I16 -> -0.0019280278 | K16: =(SUM(D12:D15)/4-D15)/D15 -> 0.011398129 | L16: =(SUM(D7:D15)/9-D15)/D15 -> 0.019979789 | M16: =(D16-F16)/F16 -> -0.011547735 | N16: =(D16-G16)/G16 -> -0.020463443 | O16: =(F16-G16)/D16 -> -0.0092083004 | P16: =(D16-1756.9)/1756.9 -> 0.0093915419 | U16: =(D11-D15)/D15 -> 0.03564884 | V16: =(D11*(1-0.01)-D15)/D15 -> 0.025292352 | W16: =(D16-D11)/D11 -> -0.037472048 | X16: =(F16-F11)/F11 -> -0.017878472 | Y16: =(SUM(D12:D15)*(0.99/4.01)-D15)/D15 -> -0.0012128199 | Z16: =(SUM(D12:D15)*(0.995/4.005)-D15)/D15 -> 0.0050847827 | AA16: =(D16-D15)/D15 -> -0.0031590426 | AB16: =(D16-D15)/D15 -> -0.0031590426 | AC16: =(D16-AD16)/D16 -> -0.0098380992 | AD16: =D16*(2/(5+1))+AD15*(1-(2/(5+1))) -> 1790.8469
A17: =WEEKNUM(C17,2) -> 4 | B17: =WEEKDAY(C17,2) -> 3 | C17: 39106 | D17: 1802.63 | E17: 1785.42 | F17: =AVERAGE(D13:D17) -> 1789.108 | G17: =AVERAGE(D8:D17) -> 1811.148 | H17: =(D17-D16)/D16 -> 0.016482463 | I17: =(E17-D16)/D16 -> 0.0067779407 | J17: =H17-I17 -> 0.0097045224 | K17: =(SUM(D13:D16)/4-D16)/D16 -> 0.0069513364 | L17: =(SUM(D8:D16)/9-D16)/D16 -> 0.021819355 | M17: =(D17-F17)/F17 -> 0.0075579563 | N17: =(D17-G17)/G17 -> -0.0047030944 | O17: =(F17-G17)/D17 -> -0.01222658 | P17: =(D17-1756.9)/1756.9 -> 0.026028801 | U17: =(D12-D16)/D16 -> 0.030607872 | V17: =(D12*(1-0.01)-D16)/D16 -> 0.020301793 | W17: =(D17-D12)/D12 -> -0.0137059 | X17: =(F17-F12)/F12 -> -0.024045543 | Y17: =(SUM(D13:D16)*(0.99/4.01)-D16)/D16 -> -0.0056041665 | Z17: =(SUM(D13:D16)*(0.995/4.005)-D16)/D16 -> 0.00066574755 | AA17: =(D17-D16)/D16 -> 0.016482463 | AB17: =(D17-D16)/D16 -> 0.016482463 | AC17: =(D17-AD17)/D17 -> 0.0043577495 | AD17: =D17*(2/(5+1))+AD16*(1-(2/(5+1))) -> 1794.7746
A18: =WEEKNUM(C18,2) -> 4 | B18: =WEEKDAY(C18,2) -> 4 | C18: 39107 | D18: 1777.75 | E18: 1806.75 | F18: =AVERAGE(D14:D18) -> 1785.922 | G18: =AVERAGE(D9:D18) -> 1807.308 | H18: =(D18-D17)/D17 -> -0.013802056 | I18: =(E18-D17)/D17 -> 0.0022855494 | J18: =H18-I18 -> -0.016087605 | K18: =(SUM(D14:D17)/4-D17)/D17 -> -0.0081353356 | L18: =(SUM(D9:D17)/9-D17)/D17 -> 0.0044170031 | M18: =(D18-F18)/F18 -> -0.0045757877 | N18: =(D18-G18)/G18 -> -0.016354711 | O18: =(F18-G18)/D18 -> -0.012029813 | P18: =(D18-1756.9)/1756.9 -> 0.011867494 | U18: =(D13-D17)/D17 -> -0.0049649679 | V18: =(D13*(1-0.01)-D17)/D17 -> -0.014915318 | W18: =(D18-D13)/D13 -> -0.0088811828 | X18: =(F18-F13)/F13 -> -0.02338937 | Y18: =(SUM(D14:D17)*(0.99/4.01)-D17)/D17 -> -0.020502725 | Z18: =(SUM(D14:D17)*(0.995/4.005)-D17)/D17 -> -0.01432675 | AA18: =(D18-D17)/D17 -> -0.013802056 | AB18: =(D18-D17)/D17 -> -0.013802056 | AC18: =(D18-AD18)/D18 -> -0.006384321 | AD18: =D18*(2/(5+1))+AD17*(1-(2/(5+1))) -> 1789.0997
A19: =WEEKNUM(C19,2) -> 4 | B19: =WEEKDAY(C19,2) -> 5 | C19: 39108 | D19: 1772.97 | E19: 1783.38 | F19: =AVERAGE(D15:D19) -> 1781.154 | G19: =AVERAGE(D10:D19) -> 1801.119 | H19: =(D19-D18)/D18 -> -0.002688792 | I19: =(E19-D18)/D18 -> 0.0031669245 | J19: =H19-I19 -> -0.0058557165 | K19: =(SUM(D15:D18)/4-D18)/D18 -> 0.0030656729 | L19: =(SUM(D10:D18)/9-D18)/D18 -> 0.014904608 | M19: =(D19-F19)/F19 -> -0.0045947739 | N19: =(D19-G19)/G19 -> -0.015628618 | O19: =(F19-G19)/D19 -> -0.011260766 | P19: =(D19-1756.9)/1756.9 -> 0.0091467926 | U19: =(D14-D18)/D18 -> 0.010721418 | V19: =(D14*(1-0.01)-D18)/D18 -> 0.00061420335 | W19: =(D19-D14)/D14 -> -0.013267958 | X19: =(F19-F14)/F14 -> -0.021926501 | Y19: =(SUM(D15:D18)*(0.99/4.01)-D18)/D18 -> -0.0094413804 | Z19: =(SUM(D15:D18)*(0.995/4.005)-D18)/D18 -> -0.0031956609 | AA19: =(D19-D18)/D18 -> -0.002688792 | AB19: =(D19-D18)/D18 -> -0.002688792 | AC19: =(D19-AD19)/D19 -> -0.0060650497 | AD19: =D19*(2/(5+1))+AD18*(1-(2/(5+1))) -> 1783.7232
A20: =WEEKNUM(C20,2) -> 5 | B20: =WEEKDAY(C20,2) -> 1 | C20: 39111 | D20: 1775.08 | E20: 1771.05 | F20: =AVERAGE(D16:D20) -> 1780.366 | G20: =AVERAGE(D11:D20) -> 1794.146 | H20: =(D20-D19)/D19 -> 0.0011900935 | I20: =(E20-D19)/D19 -> -0.0010829286 | J20: =H20-I20 -> 0.0022730221 | K20: =(SUM(D16:D19)/4-D19)/D19 -> 0.0049168909 | L20: =(SUM(D11:D19)/9-D19)/D19 -> 0.013138657 | M20: =(D20-F20)/F20 -> -0.0029690524 | N20: =(D20-G20)/G20 -> -0.010626783 | O20: =(F20-G20)/D20 -> -0.0077630304 | P20: =(D20-1756.9)/1756.9 -> 0.010347772 | U20: =(D15-D19)/D19 -> 0.0034123533 | V20: =(D15*(1-0.01)-D19)/D19 -> -0.0066217702 | W20: =(D20-D15)/D15 -> -0.0022147025 | X20: =(F20-F15)/F15 -> -0.015243987 | Y20: =(SUM(D16:D19)*(0.99/4.01)-D19)/D19 -> -0.0076132449 | Z20: =(SUM(D16:D19)*(0.995/4.005)-D19)/D19 -> -0.0013559986 | AA20: =(D20-D19)/D19 -> 0.0011900935 | AB20: =(D20-D19)/D19 -> 0.0011900935 | AC20: =(D20-AD20)/D20 -> -0.0032461076 | AD20: =D20*(2/(5+1))+AD19*(1-(2/(5+1))) -> 1780.8421
A21: =WEEKNUM(C21,2) -> 5 | B21: =WEEKDAY(C21,2) -> 2 | C21: 39112 | D21: 1777.76 | E21: 1780.26 | F21: =AVERAGE(D17:D21) -> 1781.238 | G21: =AVERAGE(D12:D21) -> 1787.678 | H21: =(D21-D20)/D20 -> 0.0015097911 | I21: =(E21-D20)/D20 -> 0.0029181783 | J21: =H21-I21 -> -0.0014083872 | K21: =(SUM(D17:D20)/4-D20)/D20 -> 0.0039589765 | L21: =(SUM(D12:D20)/9-D20)/D20 -> 0.007717962 | M21: =(D21-F21)/F21 -> -0.0019525746 | N21: =(D21-G21)/G21 -> -0.005547979 | O21: =(F21-G21)/D21 -> -0.0036225362 | P21: =(D21-1756.9)/1756.9 -> 0.011873186 | U21: =(D16-D20)/D20 -> -0.00094643622 | V21: =(D16*(1-0.01)-D20)/D20 -> -0.010936972 | W21: =(D21-D16)/D16 -> 0.0024585542 | X21: =(F21-F16)/F16 -> -0.007179015 | Y21: =(SUM(D17:D20)*(0.99/4.01)-D20)/D20 -> -0.0085592152 | Z21: =(SUM(D17:D20)*(0.995/4.005)-D20)/D20 -> -0.0023079335 | AA21: =(D21-D20)/D20 -> 0.0015097911 | AB21: =(D21-D20)/D20 -> 0.0015097911 | AC21: =(D21-AD21)/D21 -> -0.0011557993 | AD21: =D21*(2/(5+1))+AD20*(1-(2/(5+1))) -> 1779.8147
A22: =WEEKNUM(C22,2) -> 5 | B22: =WEEKDAY(C22,2) -> 3 | C22: 39113 | D22: 1792.28 | E22: 1774.44 | F22: =AVERAGE(D18:D22) -> 1779.168 | G22: =AVERAGE(D13:D22) -> 1784.138 | H22: =(D22-D21)/D21 -> 0.0081675817 | I22: =(E22-D21)/D21 -> -0.0018675187 | J22: =H22-I22 -> 0.0100351 | K22: =(SUM(D18:D21)/4-D21)/D21 -> -0.0010518855 | L22: =(SUM(D13:D21)/9-D21)/D21 -> 0.0030787808 | M22: =(D22-F22)/F22 -> 0.0073697369 | N22: =(D22-G22)/G22 -> 0.0045635483 | O22: =(F22-G22)/D22 -> -0.0027730042 | P22: =(D22-1756.9)/1756.9 -> 0.020137743 | U22: =(D17-D21)/D21 -> 0.013989515 | V22: =(D17*(1-0.01)-D21)/D21 -> 0.0038496197 | W22: =(D22-D17)/D17 -> -0.0057416109 | X22: =(F22-F17)/F17 -> -0.0055558412 | Y22: =(SUM(D18:D21)*(0.99/4.01)-D21)/D21 -> -0.013507598 | Z22: =(SUM(D18:D21)*(0.995/4.005)-D21)/D21 -> -0.0072875167 | AA22: =(D22-D21)/D21 -> 0.0081675817 | AB22: =(D22-D21)/D21 -> 0.0081675817 | AC22: =(D22-AD22)/D22 -> 0.0046366513 | AD22: =D22*(2/(5+1))+AD21*(1-(2/(5+1))) -> 1783.9698
... A253: =WEEKNUM(C253,2) -> 53 | B253: =WEEKDAY(C253,2) -> 1 | C253: 39447 | D253: 2084.93 | E253: 2097.91 | F253: =AVERAGE(D249:D253) -> 2112.726 | G253: =AVERAGE(D244:D253) -> 2082.637 | H253: =(D253-D252)/D252 -> -0.01049809 | I253: =(E253-D252)/D252 -> -0.0043378183 | J253: =H253-I253 -> -0.0061602715 | K253: =(SUM(D249:D252)/4-D252)/D252 -> 0.0059917895 | L253: =(SUM(D244:D252)/9-D252)/D252 -> -0.011707258 | M253: =(D253-F253)/F253 -> -0.013156462 | N253: =(D253-G253)/G253 -> 0.001101008 | O253: =(F253-G253)/D253 -> 0.01443166 | P253: =(D253-1756.9)/1756.9 -> 0.18670955 | U253: =(D248-D252)/D252 -> 0.0022400987 | V253: =(D248*(1-0.01)-D252)/D252 -> -0.0077823023 | W253: =(D253-D248)/D248 -> -0.012709717 | X253: =(F253-F248)/F248 -> 0.029318681 | Y253: =(SUM(D249:D252)*(0.99/4.01)-D252)/D252 -> -0.0065517491 | Z253: =(SUM(D249:D252)*(0.995/4.005)-D252)/D252 -> -0.00028780972 | AA253: =(D253-D252)/D252 -> -0.01049809 | AB253: =(D253-D252)/D252 -> -0.01049809 | AC253: =(D253-AD253)/D253 -> -0.0069910697 | AD253: =D253*(2/(5+1))+AD252*(1-(2/(5+1))) -> 2099.5059
A254: =WEEKNUM(C254,2) -> 1 | B254: =WEEKDAY(C254,2) -> 3 | C254: 39449 | D254: 2049.71 | E254: 2085.53 | F254: =AVERAGE(D250:D254) -> 2096.944 | G254: =AVERAGE(D245:D254) -> 2085.528 | H254: =(D254-D253)/D253 -> -0.016892653 | I254: =(E254-D253)/D253 -> 0.00028777945 | J254: =H254-I254 -> -0.017180433 | K254: =(SUM(D250:D253)/4-D253)/D253 -> 0.011426043 | L254: =(SUM(D245:D253)/9-D253)/D253 -> 0.0021956506 | M254: =(D254-F254)/F254 -> -0.02252516 | N254: =(D254-G254)/G254 -> -0.017174548 | O254: =(F254-G254)/D254 -> 0.0055695684 | P254: =(D254-2084.93)/2084.93 -> -0.016892653 | U254: =(D249-D253)/D253 -> 0.02095514 | V254: =(D249*(1-0.01)-D253)/D253 -> 0.010745589 | W254: =(D254-D249)/D249 -> -0.037070966 | X254: =(F254-F249)/F249 -> 0.011008084 | Y254: =(SUM(D250:D253)*(0.99/4.01)-D253)/D253 -> -0.0011852542 | Z254: =(SUM(D250:D253)*(0.995/4.005)-D253)/D253 -> 0.0051125222 | AA254: =(D254-D253)/D253 -> -0.016892653 | AB254: =(D254-D253)/D253 -> -0.016892653 | AC254: =(D254-AD254)/D254 -> -0.016196077 | AD254: =D254*(2/(5+1))+AD253*(1-(2/(5+1))) -> 2082.9073
A255: =WEEKNUM(C255,2) -> 1 | B255: =WEEKDAY(C255,2) -> 4 | C255: 39450 | D255: 2051.76 | E255: 2050.64 | F255: =AVERAGE(D251:D255) -> 2079.908 | G255: =AVERAGE(D246:D255) -> 2087.755 | H255: =(D255-D254)/D254 -> 0.0010001415 | I255: =(E255-D254)/D254 -> 0.00045372272 | J255: =H255-I255 -> 0.00054641876 | K255: =(SUM(D251:D254)/4-D254)/D254 -> 0.018165984 | L255: =(SUM(D246:D254)/9-D254)/D254 -> 0.020512387 | M255: =(D255-F255)/F255 -> -0.013533291 | N255: =(D255-G255)/G255 -> -0.017241008 | O255: =(F255-G255)/D255 -> -0.0038245214 | P255: =(D255-2084.93)/2084.93 -> -0.015909407 | U255: =(D250-D254)/D254 -> 0.04255724 | V255: =(D250*(1-0.01)-D254)/D254 -> 0.032131667 | W255: =(D255-D250)/D250 -> -0.039860735 | X255: =(F255-F250)/F250 -> -0.0074890175 | Y255: =(SUM(D251:D254)*(0.99/4.01)-D254)/D254 -> 0.005470648 | Z255: =(SUM(D251:D254)*(0.995/4.005)-D254)/D254 -> 0.011810392 | AA255: =(D255-D254)/D254 -> 0.0010001415 | AB255: =(D255-D254)/D254 -> 0.0010001415 | AC255: =(D255-AD255)/D255 -> -0.010120502 | AD255: =D255*(2/(5+1))+AD254*(1-(2/(5+1))) -> 2072.5248
A256: =WEEKNUM(C256,2) -> 1 | B256: =WEEKDAY(C256,2) -> 5 | C256: 39451 | D256: 1963.52 | E256: 2025.36 | F256: =AVERAGE(D252:D256) -> 2051.394 | G256: =AVERAGE(D247:D256) -> 2081.007 | H256: =(D256-D255)/D255 -> -0.043006979 | I256: =(E256-D255)/D255 -> -0.012867002 | J256: =H256-I256 -> -0.030139977 | K256: =(SUM(D252:D255)/4-D255)/D255 -> 0.010528766 | L256: =(SUM(D247:D255)/9-D255)/D255 -> 0.020616988 | M256: =(D256-F256)/F256 -> -0.042836237 | N256: =(D256-G256)/G256 -> -0.056456802 | O256: =(F256-G256)/D256 -> -0.015081588 | P256: =(D256-2084.93)/2084.93 -> -0.058232171 | U256: =(D251-D255)/D255 -> 0.026479705 | V256: =(D251*(1-0.01)-D255)/D255 -> 0.016214908 | W256: =(D256-D251)/D251 -> -0.067694163 | X256: =(F256-F251)/F251 -> -0.028060949 | Y256: =(SUM(D252:D255)*(0.99/4.01)-D255)/D255 -> -0.0020713437 | Z256: =(SUM(D252:D255)*(0.995/4.005)-D255)/D255 -> 0.0042208457 | AA256: =(D256-D255)/D255 -> -0.043006979 | AB256: =(D256-D255)/D255 -> -0.043006979 | AC256: =(D256-AD256)/D256 -> -0.037010009 | AD256: =D256*(2/(5+1))+AD255*(1-(2/(5+1))) -> 2036.1899
A257: =WEEKNUM(C257,2) -> 2 | B257: =WEEKDAY(C257,2) -> 1 | C257: 39454 | D257: 1957.44 | E257: 1971.28 | F257: =AVERAGE(D253:D257) -> 2021.472 | G257: =AVERAGE(D248:D257) -> 2069.783 | H257: =(D257-D256)/D256 -> -0.0030964798 | I257: =(E257-D256)/D256 -> 0.003952086 | J257: =H257-I257 -> -0.0070485658 | K257: =(SUM(D253:D256)/4-D256)/D256 -> 0.037667047 | L257: =(SUM(D248:D256)/9-D256)/D256 -> 0.060475857 | M257: =(D257-F257)/F257 -> -0.031675927 | N257: =(D257-G257)/G257 -> -0.054277671 | O257: =(F257-G257)/D257 -> -0.024680705 | P257: =(D257-2084.93)/2084.93 -> -0.061148336 | U257: =(D252-D256)/D256 -> 0.073098313 | V257: =(D252*(1-0.01)-D256)/D256 -> 0.06236733 | W257: =(D257-D252)/D252 -> -0.071004485 | X257: =(F257-F252)/F252 -> -0.045617428 | Y257: =(SUM(D253:D256)*(0.99/4.01)-D256)/D256 -> 0.024728555 | Z257: =(SUM(D253:D256)*(0.995/4.005)-D256)/D256 -> 0.031189725 | AA257: =(D257-D256)/D256 -> -0.0030964798 | AB257: =(D257-D256)/D256 -> -0.0030964798 | AC257: =(D257-AD257)/D257 -> -0.026820709 | AD257: =D257*(2/(5+1))+AD256*(1-(2/(5+1))) -> 2009.9399
A258: =WEEKNUM(C258,2) -> 2 | B258: =WEEKDAY(C258,2) -> 2 | C258: 39455 | D258: 1910.33 | E258: 1965.42 | F258: =AVERAGE(D254:D258) -> 1986.552 | G258: =AVERAGE(D249:D258) -> 2049.639 | H258: =(D258-D257)/D257 -> -0.024067149 | I258: =(E258-D257)/D257 -> 0.0040767533 | J258: =H258-I258 -> -0.028143902 | K258: =(SUM(D254:D257)/4-D257)/D257 -> 0.024607395 | L258: =(SUM(D249:D257)/9-D257)/D257 -> 0.055009491 | M258: =(D258-F258)/F258 -> -0.038368993 | N258: =(D258-G258)/G258 -> -0.067967579 | O258: =(F258-G258)/D258 -> -0.033024137 | P258: =(D258-2084.93)/2084.93 -> -0.083743819 | U258: =(D253-D257)/D257 -> 0.065130987 | V258: =(D253*(1-0.01)-D257)/D257 -> 0.054479678 | W258: =(D258-D253)/D253 -> -0.083743819 | X258: =(F258-F253)/F253 -> -0.059720948 | Y258: =(SUM(D254:D257)*(0.99/4.01)-D257)/D257 -> 0.011831742 | Z258: =(SUM(D254:D257)*(0.995/4.005)-D257)/D257 -> 0.018211594 | AA258: =(D258-D257)/D257 -> -0.024067149 | AB258: =(D258-D257)/D257 -> -0.024067149 | AC258: =(D258-AD258)/D258 -> -0.034761858 | AD258: =D258*(2/(5+1))+AD257*(1-(2/(5+1))) -> 1976.7366
A259: =WEEKNUM(C259,2) -> 2 | B259: =WEEKDAY(C259,2) -> 3 | C259: 39456 | D259: 1949.2 | E259: 1915.23 | F259: =AVERAGE(D255:D259) -> 1966.45 | G259: =AVERAGE(D250:D259) -> 2031.697 | H259: =(D259-D258)/D258 -> 0.02034727 | I259: =(E259-D258)/D258 -> 0.0025650019 | J259: =H259-I259 -> 0.017782268 | K259: =(SUM(D255:D258)/4-D258)/D258 -> 0.031634587 | L259: =(SUM(D250:D258)/9-D258)/D258 -> 0.068330254 | M259: =(D259-F259)/F259 -> -0.0087721529 | N259: =(D259-G259)/G259 -> -0.040604972 | O259: =(F259-G259)/D259 -> -0.033473733 | P259: =(D259-2084.93)/2084.93 -> -0.065100507 | U259: =(D254-D258)/D258 -> 0.072961216 | V259: =(D254*(1-0.01)-D258)/D258 -> 0.062231604 | W259: =(D259-D254)/D254 -> -0.049036205 | X259: =(F259-F254)/F254 -> -0.06223056 | Y259: =(SUM(D255:D258)*(0.99/4.01)-D258)/D258 -> 0.018771313 | Z259: =(SUM(D255:D258)*(0.995/4.005)-D258)/D258 -> 0.02519492 | AA259: =(D259-D258)/D258 -> 0.02034727 | AB259: =(D259-D258)/D258 -> 0.02034727 | AC259: =(D259-AD259)/D259 -> -0.0094180927 | AD259: =D259*(2/(5+1))+AD258*(1-(2/(5+1))) -> 1967.5577
A260: =WEEKNUM(C260,2) -> 2 | B260: =WEEKDAY(C260,2) -> 4 | C260: 39457 | D260: 1953.64 | E260: 1930.91 | F260: =AVERAGE(D256:D260) -> 1946.826 | G260: =AVERAGE(D251:D260) -> 2013.367 | H260: =(D260-D259)/D259 -> 0.0022778576 | I260: =(E260-D259)/D259 -> -0.0093833368 | J260: =H260-I260 -> 0.011661194 | K260: =(SUM(D256:D259)/4-D259)/D259 -> -0.0020918838 | L260: =(SUM(D251:D259)/9-D259)/D259 -> 0.036324304 | M260: =(D260-F260)/F260 -> 0.003500056 | N260: =(D260-G260)/G260 -> -0.029665232 | O260: =(F260-G260)/D260 -> -0.034060011 | P260: =(D260-2084.93)/2084.93 -> -0.062970939 | U260: =(D255-D259)/D259 -> 0.052616458 | V260: =(D255*(1-0.01)-D259)/D259 -> 0.042090293 | W260: =(D260-D255)/D255 -> -0.047822357 | X260: =(F260-F255)/F255 -> -0.063984561 | Y260: =(SUM(D256:D259)*(0.99/4.01)-D259)/D259 -> -0.014534628 | Z260: =(SUM(D256:D259)*(0.995/4.005)-D259)/D259 -> -0.0083210232 | AA260: =(D260-D259)/D259 -> 0.0022778576 | AB260: =(D260-D259)/D259 -> 0.0022778576 | AC260: =(D260-AD260)/D260 -> -0.0047493384 | AD260: =D260*(2/(5+1))+AD259*(1-(2/(5+1))) -> 1962.9185
A261: =WEEKNUM(C261,2) -> 2 | B261: =WEEKDAY(C261,2) -> 5 | C261: 39458 | D261: 1912.81 | E261: 1940.98 | F261: =AVERAGE(D257:D261) -> 1936.684 | G261: =AVERAGE(D252:D261) -> 1994.039 | H261: =(D261-D260)/D260 -> -0.020899449 | I261: =(E261-D260)/D260 -> -0.0064802113 | J261: =H261-I261 -> -0.014419238 | K261: =(SUM(D257:D260)/4-D260)/D260 -> -0.005624117 | L261: =(SUM(D252:D260)/9-D260)/D260 -> 0.025298645 | M261: =(D261-F261)/F261 -> -0.012327256 | N261: =(D261-G261)/G261 -> -0.040735913 | O261: =(F261-G261)/D261 -> -0.029984682 | P261: =(D261-2084.93)/2084.93 -> -0.08255433 | U261: =(D256-D260)/D260 -> 0.0050572265 | V261: =(D256*(1-0.01)-D260)/D260 -> -0.0049933458 | W261: =(D261-D256)/D256 -> -0.025826067 | X261: =(F261-F256)/F256 -> -0.055918073 | Y261: =(SUM(D257:D260)*(0.99/4.01)-D260)/D260 -> -0.018022819 | Z261: =(SUM(D257:D260)*(0.995/4.005)-D260)/D260 -> -0.011831207 | AA261: =(D261-D260)/D260 -> -0.020899449 | AB261: =(D261-D260)/D260 -> -0.020899449 | AC261: =(D261-AD261)/D261 -> -0.017464184 | AD261: =D261*(2/(5+1))+AD260*(1-(2/(5+1))) -> 1946.2157
A262: =WEEKNUM(C262,2) -> 3 | B262: =WEEKDAY(C262,2) -> 1 | C262: 39461 | D262: 1949.15 | E262: 1940.33 | F262: =AVERAGE(D258:D262) -> 1935.026 | G262: =AVERAGE(D253:D262) -> 1978.249 | H262: =(D262-D261)/D261 -> 0.018998228 | I262: =(E262-D261)/D261 -> 0.01438721 | J262: =H262-I262 -> 0.0046110173 | K262: =(SUM(D258:D261)/4-D261)/D261 -> 0.0097683513 | L262: =(SUM(D253:D261)/9-D261)/D261 -> 0.035901225 | M262: =(D262-F262)/F262 -> 0.0072991267 | N262: =(D262-G262)/G262 -> -0.014709473 | O262: =(F262-G262)/D262 -> -0.022175307 | P262: =(D262-2084.93)/2084.93 -> -0.065124489 | U262: =(D257-D261)/D261 -> 0.023332166 | V262: =(D257*(1-0.01)-D261)/D261 -> 0.013098844 | W262: =(D262-D257)/D257 -> -0.0042351234 | X262: =(F262-F257)/F257 -> -0.042763887 | Y262: =(SUM(D258:D261)*(0.99/4.01)-D261)/D261 -> -0.0028222765 | Z262: =(SUM(D258:D261)*(0.995/4.005)-D261)/D261 -> 0.003465178 | AA262: =(D262-D261)/D261 -> 0.018998228 | AB262: =(D262-D261)/D261 -> 0.018998228 | AC262: =(D262-AD262)/D262 -> 0.0010036289 | AD262: =D262*(2/(5+1))+AD261*(1-(2/(5+1))) -> 1947.1938
A263: =WEEKNUM(C263,2) -> 3 | B263: =WEEKDAY(C263,2) -> 2 | C263: 39462 | D263: 1894.09 | E263: 1925.95 | F263: =AVERAGE(D259:D263) -> 1931.778 | G263: =AVERAGE(D254:D263) -> 1959.165 | H263: =(D263-D262)/D262 -> -0.028248211 | I263: =(E263-D262)/D262 -> -0.011902624 | J263: =H263-I263 -> -0.016345587 | K263: =(SUM(D259:D262)/4-D262)/D262 -> -0.004078701 | L263: =(SUM(D254:D262)/9-D262)/D262 -> 0.0088477313 | M263: =(D263-F263)/F263 -> -0.019509488 | N263: =(D263-G263)/G263 -> -0.033215681 | O263: =(F263-G263)/D263 -> -0.014459186 | P263: =(D263-2084.93)/2084.93 -> -0.091533049 | U263: =(D258-D262)/D262 -> -0.019916374 | V263: =(D258*(1-0.01)-D262)/D262 -> -0.02971721 | W263: =(D263-D258)/D258 -> -0.008501149 | X263: =(F263-F258)/F258 -> -0.027572397 | Y263: =(SUM(D259:D262)*(0.99/4.01)-D262)/D262 -> -0.016496672 | Z263: =(SUM(D259:D262)*(0.995/4.005)-D262)/D262 -> -0.010295438 | AA263: =(D263-D262)/D262 -> -0.028248211 | AB263: =(D263-D262)/D262 -> -0.028248211 | AC263: =(D263-AD263)/D263 -> -0.018691043 | AD263: =D263*(2/(5+1))+AD262*(1-(2/(5+1))) -> 1929.4925
A264: =WEEKNUM(C264,2) -> 3 | B264: =WEEKDAY(C264,2) -> 3 | C264: 39463 | D264: 1872.29 | E264: 1876.45 | F264: =AVERAGE(D260:D264) -> 1916.396 | G264: =AVERAGE(D255:D264) -> 1941.423 | H264: =(D264-D263)/D263 -> -0.011509485 | I264: =(E264-D263)/D263 -> -0.0093131794 | J264: =H264-I264 -> -0.0021963053 | K264: =(SUM(D260:D263)/4-D263)/D263 -> 0.017598161 | L264: =(SUM(D255:D263)/9-D263)/D263 -> 0.029045317 | M264: =(D264-F264)/F264 -> -0.023015076 | N264: =(D264-G264)/G264 -> -0.035609447 | O264: =(F264-G264)/D264 -> -0.013367053 | P264: =(D264-2084.93)/2084.93 -> -0.10198904 | U264: =(D259-D263)/D263 -> 0.029095766 | V264: =(D259*(1-0.01)-D263)/D263 -> 0.018804809 | W264: =(D264-D259)/D259 -> -0.039457213 | X264: =(F264-F259)/F259 -> -0.025453991 | Y264: =(SUM(D260:D263)*(0.99/4.01)-D263)/D263 -> 0.0049099042 | Z264: =(SUM(D260:D263)*(0.995/4.005)-D263)/D263 -> 0.011246112 | AA264: =(D264-D263)/D263 -> -0.011509485 | AB264: =(D264-D263)/D263 -> -0.011509485 | AC264: =(D264-AD264)/D264 -> -0.020368112 | AD264: =D264*(2/(5+1))+AD263*(1-(2/(5+1))) -> 1910.425
A265: =WEEKNUM(C265,2) -> 3 | B265: =WEEKDAY(C265,2) -> 4 | C265: 39464 | D265: 1842.1 | E265: 1882.36 | F265: =AVERAGE(D261:D265) -> 1894.088 | G265: =AVERAGE(D256:D265) -> 1920.457 | H265: =(D265-D264)/D264 -> -0.016124639 | I265: =(E265-D264)/D264 -> 0.0053784403 | J265: =H265-I265 -> -0.021503079 | K265: =(SUM(D261:D264)/4-D264)/D264 -> 0.018584194 | L265: =(SUM(D256:D264)/9-D264)/D264 -> 0.030376348 | M265: =(D265-F265)/F265 -> -0.02744751 | N265: =(D265-G265)/G265 -> -0.040801226 | O265: =(F265-G265)/D265 -> -0.014314641 | P265: =(D265-2084.93)/2084.93 -> -0.11646914 | U265: =(D260-D264)/D264 -> 0.043449466 | V265: =(D260*(1-0.01)-D264)/D264 -> 0.033014971 | W265: =(D265-D260)/D260 -> -0.057093426 | X265: =(F265-F260)/F260 -> -0.027089221 | Y265: =(SUM(D261:D264)*(0.99/4.01)-D264)/D264 -> 0.0058836426 | Z265: =(SUM(D261:D264)*(0.995/4.005)-D264)/D264 -> 0.01222599 | AA265: =(D265-D264)/D264 -> -0.016124639 | AB265: =(D265-D264)/D264 -> -0.016124639 | AC265: =(D265-AD265)/D265 -> -0.024727218 | AD265: =D265*(2/(5+1))+AD264*(1-(2/(5+1))) -> 1887.65
... A506: =WEEKNUM(C506,2) -> 53 | B506: =WEEKDAY(C506,2) -> 3 | C506: 39813 | D506: 1211.65 | E506: 1202.26 | F506: =AVERAGE(D502:D506) -> 1191.176 | G506: =AVERAGE(D497:D506) -> 1197.596 | H506: =(D506-D505)/D505 -> 0.0085820833 | I506: =(E506-D505)/D505 -> 0.00076581151 | J506: =H506-I506 -> 0.0078162718 | K506: =(SUM(D502:D505)/4-D505)/D505 -> -0.012721211 | L506: =(SUM(D497:D505)/9-D505)/D505 -> -0.0044163647 | M506: =(D506-F506)/F506 -> 0.017188056 | N506: =(D506-G506)/G506 -> 0.011735176 | O506: =(F506-G506)/D506 -> -0.0052985598 | P506: =(D506-2084.93)/2084.93 -> -0.41885339 | U506: =(D501-D505)/D505 -> -0.015108129 | V506: =(D501*(1-0.01)-D505)/D505 -> -0.024957048 | W506: =(D506-D501)/D501 -> 0.024053618 | X506: =(F506-F501)/F501 -> -0.01066431 | Y506: =(SUM(D502:D505)*(0.99/4.01)-D505)/D505 -> -0.025031421 | Z506: =(SUM(D502:D505)*(0.995/4.005)-D505)/D505 -> -0.018884 | AA506: =(D506-D505)/D505 -> 0.0085820833 | AB506: =(D506-D505)/D505 -> 0.0085820833 | AC506: =(D506-AD506)/D506 -> 0.011710183 | AD506: =D506*(2/(5+1))+AD505*(1-(2/(5+1))) -> 1197.4614
A507: =WEEKNUM(C507,2) -> 1 | B507: =WEEKDAY(C507,2) -> 5 | C507: 39815 | D507: 1263.7 | E507: 1212.74 | F507: =AVERAGE(D503:D507) -> 1207.056 | G507: =AVERAGE(D498:D507) -> 1201.38 | H507: =(D507-D506)/D506 -> 0.04295795 | I507: =(E507-D506)/D506 -> 0.00089959972 | J507: =H507-I507 -> 0.04205835 | K507: =(SUM(D503:D506)/4-D506)/D506 -> -0.015478892 | L507: =(SUM(D498:D506)/9-D506)/D506 -> -0.014190933 | M507: =(D507-F507)/F507 -> 0.0469274 | N507: =(D507-G507)/G507 -> 0.051873679 | O507: =(F507-G507)/D507 -> 0.0044915724 | P507: =(D507-1211.65)/1211.65 -> 0.04295795 | U507: =(D502-D506)/D506 -> -0.022572525 | V507: =(D502*(1-0.01)-D506)/D506 -> -0.0323468 | W507: =(D507-D502)/D502 -> 0.067043823 | X507: =(F507-F502)/F502 -> 0.0094939885 | Y507: =(SUM(D503:D506)*(0.99/4.01)-D506)/D506 -> -0.027754717 | Z507: =(SUM(D503:D506)*(0.995/4.005)-D506)/D506 -> -0.021624467 | AA507: =(D507-D506)/D506 -> 0.04295795 | AB507: =(D507-D506)/D506 -> 0.04295795 | AC507: =(D507-AD507)/D507 -> 0.034944287 | AD507: =D507*(2/(5+1))+AD506*(1-(2/(5+1))) -> 1219.5409
A508: =WEEKNUM(C508,2) -> 2 | B508: =WEEKDAY(C508,2) -> 1 | C508: 39818 | D508: 1262.52 | E508: 1254.7 | F508: =AVERAGE(D504:D508) -> 1222.472 | G508: =AVERAGE(D499:D508) -> 1207.163 | H508: =(D508-D507)/D507 -> -0.00093376593 | I508: =(E508-D507)/D507 -> -0.0071219435 | J508: =H508-I508 -> 0.0061881776 | K508: =(SUM(D504:D507)/4-D507)/D507 -> -0.040547598 | L508: =(SUM(D499:D507)/9-D507)/D507 -> -0.049606535 | M508: =(D508-F508)/F508 -> 0.032759851 | N508: =(D508-G508)/G508 -> 0.045857105 | O508: =(F508-G508)/D508 -> 0.012125749 | P508: =(D508-1211.65)/1211.65 -> 0.041984071 | U508: =(D503-D507)/D507 -> -0.061929255 | V508: =(D503*(1-0.01)-D507)/D507 -> -0.071309963 | W508: =(D508-D503)/D503 -> 0.06502227 | X508: =(F508-F503)/F503 -> 0.025689388 | Y508: =(SUM(D504:D507)*(0.99/4.01)-D507)/D507 -> -0.052510845 | Z508: =(SUM(D504:D507)*(0.995/4.005)-D507)/D507 -> -0.046536689 | AA508: =(D508-D507)/D507 -> -0.00093376593 | AB508: =(D508-D507)/D507 -> -0.00093376593 | AC508: =(D508-AD508)/D508 -> 0.022694873 | AD508: =D508*(2/(5+1))+AD507*(1-(2/(5+1))) -> 1233.8673
A509: =WEEKNUM(C509,2) -> 2 | B509: =WEEKDAY(C509,2) -> 2 | C509: 39819 | D509: 1274.49 | E509: 1274.36 | F509: =AVERAGE(D505:D509) -> 1242.74 | G509: =AVERAGE(D500:D509) -> 1212.893 | H509: =(D509-D508)/D508 -> 0.0094810379 | I509: =(E509-D508)/D508 -> 0.0093780693 | J509: =H509-I509 -> 0.00010296867 | K509: =(SUM(D505:D508)/4-D508)/D508 -> -0.021954108 | L509: =(SUM(D500:D508)/9-D508)/D508 -> -0.044728884 | M509: =(D509-F509)/F509 -> 0.025548385 | N509: =(D509-G509)/G509 -> 0.050785189 | O509: =(F509-G509)/D509 -> 0.023418779 | P509: =(D509-1211.65)/1211.65 -> 0.051863162 | U509: =(D504-D508)/D508 -> -0.070786997 | V509: =(D504*(1-0.01)-D508)/D508 -> -0.080079127 | W509: =(D509-D504)/D504 -> 0.086382815 | X509: =(F509-F504)/F504 -> 0.050457886 | Y509: =(SUM(D505:D508)*(0.99/4.01)-D508)/D508 -> -0.034149194 | Z509: =(SUM(D505:D508)*(0.995/4.005)-D508)/D508 -> -0.028059263 | AA509: =(D509-D508)/D508 -> 0.0094810379 | AB509: =(D509-D508)/D508 -> 0.0094810379 | AC509: =(D509-AD509)/D509 -> 0.021249143 | AD509: =D509*(2/(5+1))+AD508*(1-(2/(5+1))) -> 1247.4082
A510: =WEEKNUM(C510,2) -> 2 | B510: =WEEKDAY(C510,2) -> 3 | C510: 39820 | D510: 1238.6 | E510: 1249.98 | F510: =AVERAGE(D506:D510) -> 1250.192 | G510: =AVERAGE(D501:D510) -> 1217.838 | H510: =(D510-D509)/D509 -> -0.028160284 | I510: =(E510-D509)/D509 -> -0.019231222 | J510: =H510-I510 -> -0.0089290618 | K510: =(SUM(D506:D509)/4-D509)/D509 -> -0.01679103 | L510: =(SUM(D501:D509)/9-D509)/D509 -> -0.04626077 | M510: =(D510-F510)/F510 -> -0.0092721758 | N510: =(D510-G510)/G510 -> 0.017048245 | O510: =(F510-G510)/D510 -> 0.026121427 | P510: =(D510-1211.65)/1211.65 -> 0.022242397 | U510: =(D505-D509)/D509 -> -0.057395507 | V510: =(D505*(1-0.01)-D509)/D509 -> -0.066821552 | W510: =(D510-D505)/D505 -> 0.031015366 | X510: =(F510-F505)/F505 -> 0.054583613 | Y510: =(SUM(D506:D509)*(0.99/4.01)-D509)/D509 -> -0.029050494 | Z510: =(SUM(D506:D509)*(0.995/4.005)-D509)/D509 -> -0.022928414 | AA510: =(D510-D509)/D509 -> -0.028160284 | AB510: =(D510-D509)/D509 -> -0.028160284 | AC510: =(D510-AD510)/D510 -> -0.0047409331 | AD510: =D510*(2/(5+1))+AD509*(1-(2/(5+1))) -> 1244.4721
A511: =WEEKNUM(C511,2) -> 2 | B511: =WEEKDAY(C511,2) -> 4 | C511: 39821 | D511: 1252.52 | E511: 1231.75 | F511: =AVERAGE(D507:D511) -> 1258.366 | G511: =AVERAGE(D502:D511) -> 1224.771 | H511: =(D511-D510)/D510 -> 0.011238495 | I511: =(E511-D510)/D510 -> -0.0055304376 | J511: =H511-I511 -> 0.016768933 | K511: =(SUM(D507:D510)/4-D510)/D510 -> 0.017138301 | L511: =(SUM(D502:D510)/9-D510)/D510 -> -0.013654305 | M511: =(D511-F511)/F511 -> -0.0046457072 | N511: =(D511-G511)/G511 -> 0.02265648 | O511: =(F511-G511)/D511 -> 0.026821927 | P511: =(D511-1211.65)/1211.65 -> 0.033730863 | U511: =(D506-D510)/D510 -> -0.021758437 | V511: =(D506*(1-0.01)-D510)/D510 -> -0.031540853 | W511: =(D511-D506)/D506 -> 0.033730863 | X511: =(F511-F506)/F506 -> 0.056406442 | Y511: =(SUM(D507:D510)*(0.99/4.01)-D510)/D510 -> 0.0044557788 | Z511: =(SUM(D507:D510)*(0.995/4.005)-D510)/D510 -> 0.010789123 | AA511: =(D511-D510)/D510 -> 0.011238495 | AB511: =(D511-D510)/D510 -> 0.011238495 | AC511: =(D511-AD511)/D511 -> 0.0042835671 | AD511: =D511*(2/(5+1))+AD510*(1-(2/(5+1))) -> 1247.1547
A512: =WEEKNUM(C512,2) -> 2 | B512: =WEEKDAY(C512,2) -> 5 | C512: 39822 | D512: 1223.01 | E512: 1252.6 | F512: =AVERAGE(D508:D512) -> 1250.228 | G512: =AVERAGE(D503:D512) -> 1228.642 | H512: =(D512-D511)/D511 -> -0.023560502 | I512: =(E512-D511)/D511 -> 6.3871236e-05 | J512: =H512-I512 -> -0.023624373 | K512: =(SUM(D508:D511)/4-D511)/D511 -> 0.0036027369 | L512: =(SUM(D503:D511)/9-D511)/D511 -> -0.018564352 | M512: =(D512-F512)/F512 -> -0.021770429 | N512: =(D512-G512)/G512 -> -0.0045839227 | O512: =(F512-G512)/D512 -> 0.017649897 | P512: =(D512-1211.65)/1211.65 -> 0.0093756448 | U512: =(D507-D511)/D511 -> 0.0089260052 | V512: =(D507*(1-0.01)-D511)/D511 -> -0.0011632549 | W512: =(D512-D507)/D507 -> -0.032199098 | X512: =(F512-F507)/F507 -> 0.03576636 | Y512: =(SUM(D508:D511)*(0.99/4.01)-D511)/D511 -> -0.008911013 | Z512: =(SUM(D508:D511)*(0.995/4.005)-D511)/D511 -> -0.0026619494 | AA512: =(D512-D511)/D511 -> -0.023560502 | AB512: =(D512-D511)/D511 -> -0.023560502 | AC512: =(D512-AD512)/D512 -> -0.013161379 | AD512: =D512*(2/(5+1))+AD511*(1-(2/(5+1))) -> 1239.1065
A513: =WEEKNUM(C513,2) -> 3 | B513: =WEEKDAY(C513,2) -> 1 | C513: 39825 | D513: 1201.13 | E513: 1225.12 | F513: =AVERAGE(D509:D513) -> 1237.95 | G513: =AVERAGE(D504:D513) -> 1230.211 | H513: =(D513-D512)/D512 -> -0.017890287 | I513: =(E513-D512)/D512 -> 0.0017252516 | J513: =H513-I513 -> -0.019615539 | K513: =(SUM(D509:D512)/4-D512)/D512 -> 0.019742275 | L513: =(SUM(D504:D512)/9-D512)/D512 -> 0.0085299566 | M513: =(D513-F513)/F513 -> -0.02974272 | N513: =(D513-G513)/G513 -> -0.023639034 | O513: =(F513-G513)/D513 -> 0.0064430994 | P513: =(D513-1211.65)/1211.65 -> -0.0086823753 | U513: =(D508-D512)/D512 -> 0.032305541 | V513: =(D508*(1-0.01)-D512)/D512 -> 0.021982486 | W513: =(D513-D508)/D508 -> -0.048624972 | X513: =(F513-F508)/F508 -> 0.012661231 | Y513: =(SUM(D509:D512)*(0.99/4.01)-D512)/D512 -> 0.0070272842 | Z513: =(SUM(D509:D512)*(0.995/4.005)-D512)/D512 -> 0.013376843 | AA513: =(D513-D512)/D512 -> -0.017890287 | AB513: =(D513-D512)/D512 -> -0.017890287 | AC513: =(D513-AD513)/D513 -> -0.021078206 | AD513: =D513*(2/(5+1))+AD512*(1-(2/(5+1))) -> 1226.4477
A514: =WEEKNUM(C514,2) -> 3 | B514: =WEEKDAY(C514,2) -> 2 | C514: 39826 | D514: 1202.65 | E514: 1200.92 | F514: =AVERAGE(D510:D514) -> 1223.582 | G514: =AVERAGE(D505:D514) -> 1233.161 | H514: =(D514-D513)/D513 -> 0.001265475 | I514: =(E514-D513)/D513 -> -0.00017483536 | J514: =H514-I514 -> 0.0014403104 | K514: =(SUM(D510:D513)/4-D513)/D513 -> 0.023049129 | L514: =(SUM(D505:D513)/9-D513)/D513 -> 0.029489823 | M514: =(D514-F514)/F514 -> -0.017107149 | N514: =(D514-G514)/G514 -> -0.024742106 | O514: =(F514-G514)/D514 -> -0.0079649108 | P514: =(D514-1211.65)/1211.65 -> -0.0074278876 | U514: =(D509-D513)/D513 -> 0.06107582 | V514: =(D509*(1-0.01)-D513)/D513 -> 0.050465062 | W514: =(D514-D509)/D509 -> -0.056367645 | X514: =(F514-F509)/F509 -> -0.015415936 | Y514: =(SUM(D510:D513)*(0.99/4.01)-D513)/D513 -> 0.010292905 | Z514: =(SUM(D510:D513)*(0.995/4.005)-D513)/D513 -> 0.016663054 | AA514: =(D514-D513)/D513 -> 0.001265475 | AB514: =(D514-D513)/D513 -> 0.001265475 | AC514: =(D514-AD514)/D514 -> -0.013191793 | AD514: =D514*(2/(5+1))+AD513*(1-(2/(5+1))) -> 1218.5151
A515: =WEEKNUM(C515,2) -> 3 | B515: =WEEKDAY(C515,2) -> 3 | C515: 39827 | D515: 1163.42 | E515: 1183.79 | F515: =AVERAGE(D511:D515) -> 1208.546 | G515: =AVERAGE(D506:D515) -> 1229.369 | H515: =(D515-D514)/D514 -> -0.032619632 | I515: =(E515-D514)/D514 -> -0.015682036 | J515: =H515-I515 -> -0.016937596 | K515: =(SUM(D511:D514)/4-D514)/D514 -> 0.014283042 | L515: =(SUM(D506:D514)/9-D514)/D514 -> 0.028309705 | M515: =(D515-F515)/F515 -> -0.037339083 | N515: =(D515-G515)/G515 -> -0.053644593 | O515: =(F515-G515)/D515 -> -0.017898094 | P515: =(D515-1211.65)/1211.65 -> -0.039805224 | U515: =(D510-D514)/D514 -> 0.029892321 | V515: =(D510*(1-0.01)-D514)/D514 -> 0.019593398 | W515: =(D515-D510)/D510 -> -0.060697562 | X515: =(F515-F510)/F510 -> -0.033311683 | Y515: =(SUM(D511:D514)*(0.99/4.01)-D514)/D514 -> 0.0016361209 | Z515: =(SUM(D511:D514)*(0.995/4.005)-D514)/D514 -> 0.0079516868 | AA515: =(D515-D514)/D514 -> -0.032619632 | AB515: =(D515-D514)/D514 -> -0.032619632 | AC515: =(D515-AD515)/D515 -> -0.031570777 | AD515: =D515*(2/(5+1))+AD514*(1-(2/(5+1))) -> 1200.1501
A516: =WEEKNUM(C516,2) -> 3 | B516: =WEEKDAY(C516,2) -> 4 | C516: 39828 | D516: 1183.52 | E516: 1159.94 | F516: =AVERAGE(D512:D516) -> 1194.746 | G516: =AVERAGE(D507:D516) -> 1226.556 | H516: =(D516-D515)/D515 -> 0.01727665 | I516: =(E516-D515)/D515 -> -0.0029911812 | J516: =H516-I516 -> 0.020267831 | K516: =(SUM(D512:D515)/4-D515)/D515 -> 0.029338072 | L516: =(SUM(D507:D515)/9-D515)/D515 -> 0.058377695 | M516: =(D516-F516)/F516 -> -0.0093961394 | N516: =(D516-G516)/G516 -> -0.035086861 | O516: =(F516-G516)/D516 -> -0.02687745 | P516: =(D516-1211.65)/1211.65 -> -0.023216275 | U516: =(D511-D515)/D515 -> 0.076584552 | V516: =(D511*(1-0.01)-D515)/D515 -> 0.065818707 | W516: =(D516-D511)/D511 -> -0.055088941 | X516: =(F516-F511)/F511 -> -0.050557628 | Y516: =(SUM(D512:D515)*(0.99/4.01)-D515)/D515 -> 0.016503433 | Z516: =(SUM(D512:D515)*(0.995/4.005)-D515)/D515 -> 0.022912741 | AA516: =(D516-D515)/D515 -> 0.01727665 | AB516: =(D516-D515)/D515 -> 0.01727665 | AC516: =(D516-AD516)/D516 -> -0.0093675777 | AD516: =D516*(2/(5+1))+AD515*(1-(2/(5+1))) -> 1194.6067
A517: =WEEKNUM(C517,2) -> 3 | B517: =WEEKDAY(C517,2) -> 5 | C517: 39829 | D517: 1198.14 | E517: 1199.2 | F517: =AVERAGE(D513:D517) -> 1189.772 | G517: =AVERAGE(D508:D517) -> 1220 | H517: =(D517-D516)/D516 -> 0.012352981 | I517: =(E517-D516)/D516 -> 0.013248614 | J517: =H517-I517 -> -0.00089563336 | K517: =(SUM(D513:D516)/4-D516)/D516 -> 0.0035149385 | L517: =(SUM(D508:D516)/9-D516)/D516 -> 0.032875565 | M517: =(D517-F517)/F517 -> 0.0070332803 | N517: =(D517-G517)/G517 -> -0.017918033 | O517: =(F517-G517)/D517 -> -0.025229105 | P517: =(D517-1211.65)/1211.65 -> -0.011150085 | U517: =(D512-D516)/D516 -> 0.033366568 | V517: =(D512*(1-0.01)-D516)/D516 -> 0.023032902 | W517: =(D517-D512)/D512 -> -0.020335075 | X517: =(F517-F512)/F512 -> -0.04835598 | Y517: =(SUM(D513:D516)*(0.99/4.01)-D516)/D516 -> -0.0089977166 | Z517: =(SUM(D513:D516)*(0.995/4.005)-D516)/D516 -> -0.0027491997 | AA517: =(D517-D516)/D516 -> 0.012352981 | AB517: =(D517-D516)/D516 -> 0.012352981 | AC517: =(D517-AD517)/D517 -> 0.0019659831 | AD517: =D517*(2/(5+1))+AD516*(1-(2/(5+1))) -> 1195.7845
A518: =WEEKNUM(C518,2) -> 4 | B518: =WEEKDAY(C518,2) -> 2 | C518: 39833 | D518: 1136.61 | E518: 1193.98 | F518: =AVERAGE(D514:D518) -> 1176.868 | G518: =AVERAGE(D509:D518) -> 1207.409 | H518: =(D518-D517)/D517 -> -0.0513546 | I518: =(E518-D517)/D517 -> -0.0034720483 | J518: =H518-I518 -> -0.047882551 | K518: =(SUM(D514:D517)/4-D517)/D517 -> -0.0093540822 | L518: =(SUM(D509:D517)/9-D517)/D517 -> 0.014301797 | M518: =(D518-F518)/F518 -> -0.034207745 | N518: =(D518-G518)/G518 -> -0.058637131 | O518: =(F518-G518)/D518 -> -0.026870255 | P518: =(D518-1211.65)/1211.65 -> -0.061932076 | U518: =(D513-D517)/D517 -> 0.0024955347 | V518: =(D513*(1-0.01)-D517)/D517 -> -0.0075294206 | W518: =(D518-D513)/D513 -> -0.053716084 | X518: =(F518-F513)/F513 -> -0.04934125 | Y518: =(SUM(D514:D517)*(0.99/4.01)-D517)/D517 -> -0.021706276 | Z518: =(SUM(D514:D517)*(0.995/4.005)-D517)/D517 -> -0.015537889 | AA518: =(D518-D517)/D517 -> -0.0513546 | AB518: =(D518-D517)/D517 -> -0.0513546 | AC518: =(D518-AD518)/D518 -> -0.034708168 | AD518: =D518*(2/(5+1))+AD517*(1-(2/(5+1))) -> 1176.0597
... A758: =WEEKNUM(C758,2) -> 53 | B758: =WEEKDAY(C758,2) -> 4 | C758: 40178 | D758: 1860.31 | E758: 1881.71 | F758: =AVERAGE(D754:D758) -> 1871.8 | G758: =AVERAGE(D749:D758) -> 1846.492 | H758: =(D758-D757)/D757 -> -0.0097623293 | I758: =(E758-D757)/D757 -> 0.0016288292 | J758: =H758-I758 -> -0.011391159 | K758: =(SUM(D754:D757)/4-D757)/D757 -> -0.0021172118 | L758: =(SUM(D749:D757)/9-D757)/D757 -> -0.017934865 | M758: =(D758-F758)/F758 -> -0.0061384763 | N758: =(D758-G758)/G758 -> 0.0074833793 | O758: =(F758-G758)/D758 -> 0.013604184 | P758: =(D758-1211.65)/1211.65 -> 0.53535262 | U758: =(D753-D757)/D757 -> -0.014191041 | V758: =(D753*(1-0.01)-D757)/D757 -> -0.024049131 | W758: =(D758-D753)/D753 -> 0.0044924649 | X758: =(F758-F753)/F753 -> 0.027792908 | Y758: =(SUM(D754:D757)*(0.99/4.01)-D757)/D757 -> -0.014559641 | Z758: =(SUM(D754:D757)*(0.995/4.005)-D757)/D757 -> -0.008346193 | AA758: =(D758-D757)/D757 -> -0.0097623293 | AB758: =(D758-D757)/D757 -> -0.0097623293 | AC758: =(D758-AD758)/D758 -> -0.0022245818 | AD758: =D758*(2/(5+1))+AD757*(1-(2/(5+1))) -> 1864.4484
A759: =WEEKNUM(C759,2) -> 2 | B759: =WEEKDAY(C759,2) -> 1 | C759: 40182 | D759: 1886.7 | E759: 1882.69 | F759: =AVERAGE(D755:D759) -> 1875.172 | G759: =AVERAGE(D750:D759) -> 1857.335 | H759: =(D759-D758)/D758 -> 0.014185808 | I759: =(E759-D758)/D758 -> 0.012030253 | J759: =H759-I759 -> 0.0021555547 | K759: =(SUM(D755:D758)/4-D758)/D758 -> 0.0064397869 | L759: =(SUM(D750:D758)/9-D758)/D758 -> -0.0033530851 | M759: =(D759-F759)/F759 -> 0.0061477027 | N759: =(D759-G759)/G759 -> 0.015810287 | O759: =(F759-G759)/D759 -> 0.0094540732 | P759: =(D759-1860.31)/1860.31 -> 0.014185808 | U759: =(D754-D758)/D758 -> 0.0051228021 | V759: =(D754*(1-0.01)-D758)/D758 -> -0.0049284259 | W759: =(D759-D754)/D754 -> 0.0090168143 | X759: =(F759-F754)/F754 -> 0.019393334 | Y759: =(SUM(D755:D758)*(0.99/4.01)-D758)/D758 -> -0.0061093376 | Z759: =(SUM(D755:D758)*(0.995/4.005)-D758)/D758 -> 0.00015739124 | AA759: =(D759-D758)/D758 -> 0.014185808 | AB759: =(D759-D758)/D758 -> 0.014185808 | AC759: =(D759-AD759)/D759 -> 0.0078626131 | AD759: =D759*(2/(5+1))+AD758*(1-(2/(5+1))) -> 1871.8656
A760: =WEEKNUM(C760,2) -> 2 | B760: =WEEKDAY(C760,2) -> 2 | C760: 40183 | D760: 1888.43 | E760: 1887.28 | F760: =AVERAGE(D756:D760) -> 1877.222 | G760: =AVERAGE(D751:D760) -> 1865.442 | H760: =(D760-D759)/D759 -> 0.00091694493 | I760: =(E760-D759)/D759 -> 0.00030741506 | J760: =H760-I760 -> 0.00060952987 | K760: =(SUM(D756:D759)/4-D759)/D759 -> -0.0065087189 | L760: =(SUM(D751:D759)/9-D759)/D759 -> -0.012621096 | M760: =(D760-F760)/F760 -> 0.0059705245 | N760: =(D760-G760)/G760 -> 0.012323085 | O760: =(F760-G760)/D760 -> 0.0062379861 | P760: =(D760-1860.31)/1860.31 -> 0.01511576 | U760: =(D755-D759)/D759 -> -0.0045158213 | V760: =(D755*(1-0.01)-D759)/D759 -> -0.014470663 | W760: =(D760-D755)/D755 -> 0.0054574109 | X760: =(F760-F755)/F755 -> 0.012709976 | Y760: =(SUM(D756:D759)*(0.99/4.01)-D759)/D759 -> -0.018896391 | Z760: =(SUM(D756:D759)*(0.995/4.005)-D759)/D759 -> -0.012710287 | AA760: =(D760-D759)/D759 -> 0.00091694493 | AB760: =(D760-D759)/D759 -> 0.00091694493 | AC760: =(D760-AD760)/D760 -> 0.0058476767 | AD760: =D760*(2/(5+1))+AD759*(1-(2/(5+1))) -> 1877.3871
A761: =WEEKNUM(C761,2) -> 2 | B761: =WEEKDAY(C761,2) -> 3 | C761: 40184 | D761: 1878.42 | E761: 1887.91 | F761: =AVERAGE(D757:D761) -> 1878.502 | G761: =AVERAGE(D752:D761) -> 1870.405 | H761: =(D761-D760)/D760 -> -0.0053006995 | I761: =(E761-D760)/D760 -> -0.00027536101 | J761: =H761-I761 -> -0.0050253385 | K761: =(SUM(D757:D760)/4-D760)/D760 -> -0.0052464216 | L761: =(SUM(D752:D760)/9-D760)/D760 -> -0.010016551 | M761: =(D761-F761)/F761 -> -4.3651803e-05 | N761: =(D761-G761)/G761 -> 0.0042851682 | O761: =(F761-G761)/D761 -> 0.0043105376 | P761: =(D761-1860.31)/1860.31 -> 0.0097349367 | U761: =(D756-D760)/D760 -> -0.0086897582 | V761: =(D756*(1-0.01)-D760)/D760 -> -0.018602861 | W761: =(D761-D756)/D756 -> 0.0034187669 | X761: =(F761-F756)/F756 -> 0.0086956615 | Y761: =(SUM(D757:D760)*(0.99/4.01)-D760)/D760 -> -0.017649833 | Z761: =(SUM(D757:D760)*(0.995/4.005)-D760)/D760 -> -0.01145587 | AA761: =(D761-D760)/D760 -> -0.0053006995 | AB761: =(D761-D760)/D760 -> -0.0053006995 | AC761: =(D761-AD761)/D761 -> 0.00036659467 | AD761: =D761*(2/(5+1))+AD760*(1-(2/(5+1))) -> 1877.7314
A762: =WEEKNUM(C762,2) -> 2 | B762: =WEEKDAY(C762,2) -> 4 | C762: 40185 | D762: 1876.72 | E762: 1878.16 | F762: =AVERAGE(D758:D762) -> 1878.116 | G762: =AVERAGE(D753:D762) -> 1874.126 | H762: =(D762-D761)/D761 -> -0.00090501592 | I762: =(E762-D761)/D761 -> -0.0001384142 | J762: =H762-I762 -> -0.00076660172 | K762: =(SUM(D758:D761)/4-D761)/D761 -> 2.3956304e-05 | L762: =(SUM(D753:D761)/9-D761)/D761 -> -0.0024394024 | M762: =(D762-F762)/F762 -> -0.00074329807 | N762: =(D762-G762)/G762 -> 0.0013841118 | O762: =(F762-G762)/D762 -> 0.0021260497 | P762: =(D762-1860.31)/1860.31 -> 0.0088211105 | U762: =(D757-D761)/D761 -> 0.00012244333 | V762: =(D757*(1-0.01)-D761)/D761 -> -0.0098787811 | W762: =(D762-D757)/D757 -> -0.0010273335 | X762: =(F762-F757)/F757 -> 0.0042670693 | Y762: =(SUM(D758:D761)*(0.99/4.01)-D761)/D761 -> -0.01244517 | Z762: =(SUM(D758:D761)*(0.995/4.005)-D761)/D761 -> -0.0062183905 | AA762: =(D762-D761)/D761 -> -0.00090501592 | AB762: =(D762-D761)/D761 -> -0.00090501592 | AC762: =(D762-AD762)/D762 -> -0.00035927265 | AD762: =D762*(2/(5+1))+AD761*(1-(2/(5+1))) -> 1877.3943
A763: =WEEKNUM(C763,2) -> 2 | B763: =WEEKDAY(C763,2) -> 5 | C763: 40186 | D763: 1892.59 | E763: 1870.9 | F763: =AVERAGE(D759:D763) -> 1884.572 | G763: =AVERAGE(D754:D763) -> 1878.186 | H763: =(D763-D762)/D762 -> 0.0084562428 | I763: =(E763-D762)/D762 -> -0.0031011552 | J763: =H763-I763 -> 0.011557398 | K763: =(SUM(D759:D762)/4-D762)/D762 -> 0.0031158084 | L763: =(SUM(D754:D762)/9-D762)/D762 -> -7.1637988e-05 | M763: =(D763-F763)/F763 -> 0.0042545469 | N763: =(D763-G763)/G763 -> 0.007669102 | O763: =(F763-G763)/D763 -> 0.0033742121 | P763: =(D763-1860.31)/1860.31 -> 0.017351947 | U763: =(D758-D762)/D762 -> -0.0087439789 | V763: =(D758*(1-0.01)-D762)/D762 -> -0.018656539 | W763: =(D763-D758)/D758 -> 0.017351947 | X763: =(F763-F758)/F758 -> 0.0068233786 | Y763: =(SUM(D759:D762)*(0.99/4.01)-D762)/D762 -> -0.00939187 | Z763: =(SUM(D759:D762)*(0.995/4.005)-D762)/D762 -> -0.0031458383 | AA763: =(D763-D762)/D762 -> 0.0084562428 | AB763: =(D763-D762)/D762 -> 0.0084562428 | AC763: =(D763-AD763)/D763 -> 0.0053527162 | AD763: =D763*(2/(5+1))+AD762*(1-(2/(5+1))) -> 1882.4595
A764: =WEEKNUM(C764,2) -> 3 | B764: =WEEKDAY(C764,2) -> 1 | C764: 40189 | D764: 1886.24 | E764: 1896.05 | F764: =AVERAGE(D760:D764) -> 1884.48 | G764: =AVERAGE(D755:D764) -> 1879.826 | H764: =(D764-D763)/D763 -> -0.0033551905 | I764: =(E764-D763)/D763 -> 0.0018281825 | J764: =H764-I764 -> -0.005183373 | K764: =(SUM(D760:D763)/4-D763)/D763 -> -0.0045176187 | L764: =(SUM(D755:D763)/9-D763)/D763 -> -0.0071207534 | M764: =(D764-F764)/F764 -> 0.00093394464 | N764: =(D764-G764)/G764 -> 0.0034120179 | O764: =(F764-G764)/D764 -> 0.0024673424 | P764: =(D764-1860.31)/1860.31 -> 0.013938537 | U764: =(D759-D763)/D763 -> -0.0031121373 | V764: =(D759*(1-0.01)-D763)/D763 -> -0.013081016 | W764: =(D764-D759)/D759 -> -0.00024381195 | X764: =(F764-F759)/F759 -> 0.0049638113 | Y764: =(SUM(D760:D763)*(0.99/4.01)-D763)/D763 -> -0.016930117 | Z764: =(SUM(D760:D763)*(0.995/4.005)-D763)/D763 -> -0.010731616 | AA764: =(D764-D763)/D763 -> -0.0033551905 | AB764: =(D764-D763)/D763 -> -0.0033551905 | AC764: =(D764-AD764)/D764 -> 0.0013361669 | AD764: =D764*(2/(5+1))+AD763*(1-(2/(5+1))) -> 1883.7197
A765: =WEEKNUM(C765,2) -> 3 | B765: =WEEKDAY(C765,2) -> 2 | C765: 40190 | D765: 1861.79 | E765: 1874.75 | F765: =AVERAGE(D761:D765) -> 1879.152 | G765: =AVERAGE(D756:D765) -> 1878.187 | H765: =(D765-D764)/D764 -> -0.012962295 | I765: =(E765-D764)/D764 -> -0.0060914836 | J765: =H765-I765 -> -0.0068708118 | K765: =(SUM(D761:D764)/4-D764)/D764 -> -0.0014566015 | L765: =(SUM(D756:D764)/9-D764)/D764 -> -0.0033034561 | M765: =(D765-F765)/F765 -> -0.0092392739 | N765: =(D765-G765)/G765 -> -0.0087302276 | O765: =(F765-G765)/D765 -> 0.00051831839 | P765: =(D765-1860.31)/1860.31 -> 0.00079556633 | U765: =(D760-D764)/D764 -> 0.00116104 | V765: =(D760*(1-0.01)-D764)/D764 -> -0.0088505704 | W765: =(D765-D760)/D760 -> -0.014106957 | X765: =(F765-F760)/F760 -> 0.0010281149 | Y765: =(SUM(D761:D764)*(0.99/4.01)-D764)/D764 -> -0.013907267 | Z765: =(SUM(D761:D764)*(0.995/4.005)-D764)/D764 -> -0.0076897064 | AA765: =(D765-D764)/D764 -> -0.012962295 | AB765: =(D765-D764)/D764 -> -0.012962295 | AC765: =(D765-AD765)/D765 -> -0.0078525392 | AD765: =D765*(2/(5+1))+AD764*(1-(2/(5+1))) -> 1876.4098
A766: =WEEKNUM(C766,2) -> 3 | B766: =WEEKDAY(C766,2) -> 3 | C766: 40191 | D766: 1886.13 | E766: 1868.2 | F766: =AVERAGE(D762:D766) -> 1880.694 | G766: =AVERAGE(D757:D766) -> 1879.598 | H766: =(D766-D765)/D765 -> 0.01307344 | I766: =(E766-D765)/D765 -> 0.0034429232 | J766: =H766-I766 -> 0.0096305169 | K766: =(SUM(D762:D765)/4-D765)/D765 -> 0.0094237266 | L766: =(SUM(D757:D765)/9-D765)/D765 -> 0.0091751606 | M766: =(D766-F766)/F766 -> 0.0028904224 | N766: =(D766-G766)/G766 -> 0.0034752112 | O766: =(F766-G766)/D766 -> 0.00058108402 | P766: =(D766-1860.31)/1860.31 -> 0.013879407 | U766: =(D761-D765)/D765 -> 0.0089322641 | V766: =(D761*(1-0.01)-D765)/D765 -> -0.0011570585 | W766: =(D766-D761)/D761 -> 0.0041045134 | X766: =(F766-F761)/F761 -> 0.0011668872 | Y766: =(SUM(D762:D765)*(0.99/4.01)-D765)/D765 -> -0.0031626041 | Z766: =(SUM(D762:D765)*(0.995/4.005)-D765)/D765 -> 0.0031227046 | AA766: =(D766-D765)/D765 -> 0.01307344 | AB766: =(D766-D765)/D765 -> 0.01307344 | AC766: =(D766-AD766)/D766 -> 0.0034356844 | AD766: =D766*(2/(5+1))+AD765*(1-(2/(5+1))) -> 1879.6499
A767: =WEEKNUM(C767,2) -> 3 | B767: =WEEKDAY(C767,2) -> 4 | C767: 40192 | D767: 1886.52 | E767: 1880.46 | F767: =AVERAGE(D763:D767) -> 1882.654 | G767: =AVERAGE(D758:D767) -> 1880.385 | H767: =(D767-D766)/D766 -> 0.0002067726 | I767: =(E767-D766)/D766 -> -0.0030061555 | J767: =H767-I767 -> 0.0032129281 | K767: =(SUM(D763:D766)/4-D766)/D766 -> -0.002355352 | L767: =(SUM(D758:D766)/9-D766)/D766 -> -0.0034073296 | M767: =(D767-F767)/F767 -> 0.0020534841 | N767: =(D767-G767)/G767 -> 0.0032626297 | O767: =(F767-G767)/D767 -> 0.0012027437 | P767: =(D767-1860.31)/1860.31 -> 0.01408905 | U767: =(D762-D766)/D766 -> -0.0049890517 | V767: =(D762*(1-0.01)-D766)/D766 -> -0.014939161 | W767: =(D767-D762)/D762 -> 0.0052218765 | X767: =(F767-F762)/F762 -> 0.0024162512 | Y767: =(SUM(D763:D766)*(0.99/4.01)-D766)/D766 -> -0.014794811 | Z767: =(SUM(D763:D766)*(0.995/4.005)-D766)/D766 -> -0.0085828466 | AA767: =(D767-D766)/D766 -> 0.0002067726 | AB767: =(D767-D766)/D766 -> 0.0002067726 | AC767: =(D767-AD767)/D767 -> 0.0024278026 | AD767: =D767*(2/(5+1))+AD766*(1-(2/(5+1))) -> 1881.9399
A768: =WEEKNUM(C768,2) -> 3 | B768: =WEEKDAY(C768,2) -> 5 | C768: 40193 | D768: 1864.52 | E768: 1887.31 | F768: =AVERAGE(D764:D768) -> 1877.04 | G768: =AVERAGE(D759:D768) -> 1880.806 | H768: =(D768-D767)/D767 -> -0.011661684 | I768: =(E768-D767)/D767 -> 0.00041876047 | J768: =H768-I768 -> -0.012080444 | K768: =(SUM(D764:D767)/4-D767)/D767 -> -0.003365986 | L768: =(SUM(D759:D767)/9-D767)/D767 -> -0.0020696544 | M768: =(D768-F768)/F768 -> -0.0066700763 | N768: =(D768-G768)/G768 -> -0.0086590536 | O768: =(F768-G768)/D768 -> -0.0020198228 | P768: =(D768-1860.31)/1860.31 -> 0.0022630637 | U768: =(D763-D767)/D767 -> 0.0032175646 | V768: =(D763*(1-0.01)-D767)/D767 -> -0.006814611 | W768: =(D768-D763)/D763 -> -0.014831527 | X768: =(F768-F763)/F763 -> -0.0039966634 | Y768: =(SUM(D764:D767)*(0.99/4.01)-D767)/D767 -> -0.015792844 | Z768: =(SUM(D764:D767)*(0.995/4.005)-D767)/D767 -> -0.0095871722 | AA768: =(D768-D767)/D767 -> -0.011661684 | AB768: =(D768-D767)/D767 -> -0.011661684 | AC768: =(D768-AD768)/D768 -> -0.0062285563 | AD768: =D768*(2/(5+1))+AD767*(1-(2/(5+1))) -> 1876.1333
A769: =WEEKNUM(C769,2) -> 4 | B769: =WEEKDAY(C769,2) -> 2 | C769: 40197 | D769: 1895.48 | E769: 1869.24 | F769: =AVERAGE(D765:D769) -> 1878.888 | G769: =AVERAGE(D760:D769) -> 1881.684 | H769: =(D769-D768)/D768 -> 0.01660481 | I769: =(E769-D768)/D768 -> 0.0025314826 | J769: =H769-I769 -> 0.014073327 | K769: =(SUM(D765:D768)/4-D768)/D768 -> 0.0054813035 | L769: =(SUM(D760:D768)/9-D768)/D768 -> 0.0083834505 | M769: =(D769-F769)/F769 -> 0.0088307552 | N769: =(D769-G769)/G769 -> 0.0073317305 | O769: =(F769-G769)/D769 -> -0.0014750881 | P769: =(D769-1860.31)/1860.31 -> 0.018905451 | U769: =(D764-D768)/D768 -> 0.011649111 | V769: =(D764*(1-0.01)-D768)/D768 -> 0.0015326197 | W769: =(D769-D764)/D764 -> 0.0048986343 | X769: =(F769-F764)/F764 -> -0.0029673968 | Y769: =(SUM(D765:D768)*(0.99/4.01)-D768)/D768 -> -0.0070558699 | Z769: =(SUM(D765:D768)*(0.995/4.005)-D768)/D768 -> -0.00079510913 | AA769: =(D769-D768)/D768 -> 0.01660481 | AB769: =(D769-D768)/D768 -> 0.01660481 | AC769: =(D769-AD769)/D769 -> 0.0068045147 | AD769: =D769*(2/(5+1))+AD768*(1-(2/(5+1))) -> 1882.5822
A770: =WEEKNUM(C770,2) -> 4 | B770: =WEEKDAY(C770,2) -> 3 | C770: 40198 | D770: 1867.95 | E770: 1882.06 | F770: =AVERAGE(D766:D770) -> 1880.12 | G770: =AVERAGE(D761:D770) -> 1879.636 | H770: =(D770-D769)/D769 -> -0.014524026 | I770: =(E770-D769)/D769 -> -0.0070800008 | J770: =H770-I770 -> -0.0074440247 | K770: =(SUM(D766:D769)/4-D769)/D769 -> -0.006498354 | L770: =(SUM(D761:D769)/9-D769)/D769 -> -0.0076738111 | M770: =(D770-F770)/F770 -> -0.0064729911 | N770: =(D770-G770)/G770 -> -0.0062171612 | O770: =(F770-G770)/D770 -> 0.00025910758 | P770: =(D770-1860.31)/1860.31 -> 0.0041068424 | U770: =(D765-D769)/D769 -> -0.017773862 | V770: =(D765*(1-0.01)-D769)/D769 -> -0.027596123 | W770: =(D770-D765)/D765 -> 0.0033086438 | X770: =(F770-F765)/F765 -> 0.00051512597 | Y770: =(SUM(D766:D769)*(0.99/4.01)-D769)/D769 -> -0.018886155 | Z770: =(SUM(D766:D769)*(0.995/4.005)-D769)/D769 -> -0.012699987 | AA770: =(D770-D769)/D769 -> -0.014524026 | AB770: =(D770-D769)/D769 -> -0.014524026 | AC770: =(D770-AD770)/D770 -> -0.0052221878 | AD770: =D770*(2/(5+1))+AD769*(1-(2/(5+1))) -> 1877.7048
... A1010: =WEEKNUM(C1010,2) -> 53 | B1010: =WEEKDAY(C1010,2) -> 5 | C1010: 40543 | D1010: 2217.86 | E1010: 2223.28 | F1010: =AVERAGE(D1006:D1010) -> 2226.5 | G1010: =AVERAGE(D1001:D1010) -> 2227.458 | H1010: =(D1010-D1009)/D1009 -> -0.0035314415 | I1010: =(E1010-D1009)/D1009 -> -0.0010962745 | J1010: =H1010-I1010 -> -0.002435167 | K1010: =(SUM(D1006:D1009)/4-D1009)/D1009 -> 0.0013209209 | L1010: =(SUM(D1001:D1009)/9-D1009)/D1009 -> 0.0012600167 | M1010: =(D1010-F1010)/F1010 -> -0.00388053 | N1010: =(D1010-G1010)/G1010 -> -0.0043089477 | O1010: =(F1010-G1010)/D1010 -> -0.00043194791 | P1010: =(D1010-1860.31)/1860.31 -> 0.19219915 | U1010: =(D1005-D1009)/D1009 -> 0.0020442823 | V1010: =(D1005*(1-0.01)-D1009)/D1009 -> -0.0079761605 | W1010: =(D1010-D1005)/D1005 -> -0.0055643487 | X1010: =(F1010-F1005)/F1005 -> -0.00085980356 | Y1010: =(SUM(D1006:D1009)*(0.99/4.01)-D1009)/D1009 -> -0.011164377 | Z1010: =(SUM(D1006:D1009)*(0.995/4.005)-D1009)/D1009 -> -0.0049295218 | AA1010: =(D1010-D1009)/D1009 -> -0.0035314415 | AB1010: =(D1010-D1009)/D1009 -> -0.0035314415 | AC1010: =(D1010-AD1010)/D1010 -> -0.0030843843 | AD1010: =D1010*(2/(5+1))+AD1009*(1-(2/(5+1))) -> 2224.7007
A1011: =WEEKNUM(C1011,2) -> 2 | B1011: =WEEKDAY(C1011,2) -> 1 | C1011: 40546 | D1011: 2254.23 | E1011: 2238.66 | F1011: =AVERAGE(D1007:D1011) -> 2231.374 | G1011: =AVERAGE(D1002:D1011) -> 2231.052 | H1011: =(D1011-D1010)/D1010 -> 0.016398691 | I1011: =(E1011-D1010)/D1010 -> 0.0093784098 | J1011: =H1011-I1011 -> 0.0070202808 | K1011: =(SUM(D1007:D1010)/4-D1010)/D1010 -> 0.0035169037 | L1011: =(SUM(D1002:D1010)/9-D1010)/D1010 -> 0.0047868967 | M1011: =(D1011-F1011)/F1011 -> 0.010243016 | N1011: =(D1011-G1011)/G1011 -> 0.010388821 | O1011: =(F1011-G1011)/D1011 -> 0.00014284257 | P1011: =(D1011-2217.86)/2217.86 -> 0.016398691 | U1011: =(D1006-D1010)/D1010 -> 0.005410621 | V1011: =(D1006*(1-0.01)-D1010)/D1010 -> -0.0046434852 | W1011: =(D1011-D1006)/D1006 -> 0.010928937 | X1011: =(F1011-F1006)/F1006 -> 0.00028869473 | Y1011: =(SUM(D1007:D1010)*(0.99/4.01)-D1010)/D1010 -> -0.0089957759 | Z1011: =(SUM(D1007:D1010)*(0.995/4.005)-D1010)/D1010 -> -0.0027472468 | AA1011: =(D1011-D1010)/D1010 -> 0.016398691 | AB1011: =(D1011-D1010)/D1010 -> 0.016398691 | AC1011: =(D1011-AD1011)/D1011 -> 0.0087329945 | AD1011: =D1011*(2/(5+1))+AD1010*(1-(2/(5+1))) -> 2234.5438
A1012: =WEEKNUM(C1012,2) -> 2 | B1012: =WEEKDAY(C1012,2) -> 2 | C1012: 40547 | D1012: 2251.46 | E1012: 2261.65 | F1012: =AVERAGE(D1008:D1012) -> 2236.182 | G1012: =AVERAGE(D1003:D1012) -> 2233.894 | H1012: =(D1012-D1011)/D1011 -> -0.001228801 | I1012: =(E1012-D1011)/D1011 -> 0.0032915896 | J1012: =H1012-I1012 -> -0.0045203906 | K1012: =(SUM(D1008:D1011)/4-D1011)/D1011 -> -0.0097006517 | L1012: =(SUM(D1003:D1011)/9-D1011)/D1011 -> -0.0098870913 | M1012: =(D1012-F1012)/F1012 -> 0.0068321809 | N1012: =(D1012-G1012)/G1012 -> 0.0078633991 | O1012: =(F1012-G1012)/D1012 -> 0.0010162295 | P1012: =(D1012-2217.86)/2217.86 -> 0.015149739 | U1012: =(D1007-D1011)/D1011 -> -0.011893196 | V1012: =(D1007*(1-0.01)-D1011)/D1011 -> -0.021774264 | W1012: =(D1012-D1007)/D1007 -> 0.010792756 | X1012: =(F1012-F1007)/F1007 -> 0.0020505412 | Y1012: =(SUM(D1008:D1011)*(0.99/4.01)-D1011)/D1011 -> -0.022048524 | Z1012: =(SUM(D1008:D1011)*(0.995/4.005)-D1011)/D1011 -> -0.015882296 | AA1012: =(D1012-D1011)/D1011 -> -0.001228801 | AB1012: =(D1012-D1011)/D1011 -> -0.001228801 | AC1012: =(D1012-AD1012)/D1012 -> 0.0050089507 | AD1012: =D1012*(2/(5+1))+AD1011*(1-(2/(5+1))) -> 2240.1825
A1013: =WEEKNUM(C1013,2) -> 2 | B1013: =WEEKDAY(C1013,2) -> 3 | C1013: 40548 | D1013: 2270.4 | E1013: 2245.4 | F1013: =AVERAGE(D1009:D1013) -> 2243.934 | G1013: =AVERAGE(D1004:D1013) -> 2237.477 | H1013: =(D1013-D1012)/D1012 -> 0.0084123191 | I1013: =(E1013-D1012)/D1012 -> -0.0026915868 | J1013: =H1013-I1013 -> 0.011103906 | K1013: =(SUM(D1009:D1012)/4-D1012)/D1012 -> -0.0062814796 | L1013: =(SUM(D1004:D1012)/9-D1012)/D1012 -> -0.0078354095 | M1013: =(D1013-F1013)/F1013 -> 0.011794465 | N1013: =(D1013-G1013)/G1013 -> 0.014714341 | O1013: =(F1013-G1013)/D1013 -> 0.0028439922 | P1013: =(D1013-2217.86)/2217.86 -> 0.023689502 | U1013: =(D1008-D1012)/D1012 -> -0.0088031766 | V1013: =(D1008*(1-0.01)-D1012)/D1012 -> -0.018715145 | W1013: =(D1013-D1008)/D1008 -> 0.017368393 | X1013: =(F1013-F1008)/F1008 -> 0.0057883838 | Y1013: =(SUM(D1009:D1012)*(0.99/4.01)-D1012)/D1012 -> -0.018671985 | Z1013: =(SUM(D1009:D1012)*(0.995/4.005)-D1012)/D1012 -> -0.012484467 | AA1013: =(D1013-D1012)/D1012 -> 0.0084123191 | AB1013: =(D1013-D1012)/D1012 -> 0.0084123191 | AC1013: =(D1013-AD1013)/D1013 -> 0.0088728718 | AD1013: =D1013*(2/(5+1))+AD1012*(1-(2/(5+1))) -> 2250.255
A1014: =WEEKNUM(C1014,2) -> 2 | B1014: =WEEKDAY(C1014,2) -> 4 | C1014: 40549 | D1014: 2277.51 | E1014: 2272.33 | F1014: =AVERAGE(D1010:D1014) -> 2254.292 | G1014: =AVERAGE(D1005:D1014) -> 2241.637 | H1014: =(D1014-D1013)/D1013 -> 0.0031316068 | I1014: =(E1014-D1013)/D1013 -> 0.00085007047 | J1014: =H1014-I1014 -> 0.0022815363 | K1014: =(SUM(D1010:D1013)/4-D1013)/D1013 -> -0.009651383 | L1014: =(SUM(D1005:D1013)/9-D1013)/D1013 -> -0.014424282 | M1014: =(D1014-F1014)/F1014 -> 0.010299464 | N1014: =(D1014-G1014)/G1014 -> 0.016003037 | O1014: =(F1014-G1014)/D1014 -> 0.0055565069 | P1014: =(D1014-2217.86)/2217.86 -> 0.026895295 | U1014: =(D1009-D1013)/D1013 -> -0.019679352 | V1014: =(D1009*(1-0.01)-D1013)/D1013 -> -0.029482558 | W1014: =(D1014-D1009)/D1009 -> 0.023268875 | X1014: =(F1014-F1009)/F1009 -> 0.011354959 | Y1014: =(SUM(D1010:D1013)*(0.99/4.01)-D1013)/D1013 -> -0.02199987 | Z1014: =(SUM(D1010:D1013)*(0.995/4.005)-D1013)/D1013 -> -0.015833334 | AA1014: =(D1014-D1013)/D1013 -> 0.0031316068 | AB1014: =(D1014-D1013)/D1013 -> 0.0031316068 | AC1014: =(D1014-AD1014)/D1014 -> 0.0079780017 | AD1014: =D1014*(2/(5+1))+AD1013*(1-(2/(5+1))) -> 2259.34
A1015: =WEEKNUM(C1015,2) -> 2 | B1015: =WEEKDAY(C1015,2) -> 5 | C1015: 40550 | D1015: 2276.7 | E1015: 2280.13 | F1015: =AVERAGE(D1011:D1015) -> 2266.06 | G1015: =AVERAGE(D1006:D1015) -> 2246.28 | H1015: =(D1015-D1014)/D1014 -> -0.00035565157 | I1015: =(E1015-D1014)/D1014 -> 0.0011503791 | J1015: =H1015-I1015 -> -0.0015060307 | K1015: =(SUM(D1011:D1014)/4-D1014)/D1014 -> -0.0061953625 | L1015: =(SUM(D1006:D1014)/9-D1014)/D1014 -> -0.015196421 | M1015: =(D1015-F1015)/F1015 -> 0.0046953744 | N1015: =(D1015-G1015)/G1015 -> 0.01354239 | O1015: =(F1015-G1015)/D1015 -> 0.0086880134 | P1015: =(D1015-2217.86)/2217.86 -> 0.026530079 | U1015: =(D1010-D1014)/D1014 -> -0.026190884 | V1015: =(D1010*(1-0.01)-D1014)/D1014 -> -0.035928975 | W1015: =(D1015-D1010)/D1010 -> 0.026530079 | X1015: =(F1015-F1010)/F1010 -> 0.017767797 | Y1015: =(SUM(D1011:D1014)*(0.99/4.01)-D1014)/D1014 -> -0.018586942 | Z1015: =(SUM(D1011:D1014)*(0.995/4.005)-D1014)/D1014 -> -0.012398887 | AA1015: =(D1015-D1014)/D1014 -> -0.00035565157 | AB1015: =(D1015-D1014)/D1014 -> -0.00035565157 | AC1015: =(D1015-AD1015)/D1015 -> 0.0050833747 | AD1015: =D1015*(2/(5+1))+AD1014*(1-(2/(5+1))) -> 2265.1267
A1016: =WEEKNUM(C1016,2) -> 3 | B1016: =WEEKDAY(C1016,2) -> 1 | C1016: 40553 | D1016: 2284.38 | E1016: 2270.65 | F1016: =AVERAGE(D1012:D1016) -> 2272.09 | G1016: =AVERAGE(D1007:D1016) -> 2251.732 | H1016: =(D1016-D1015)/D1015 -> 0.0033733035 | I1016: =(E1016-D1015)/D1015 -> -0.0026573549 | J1016: =H1016-I1016 -> 0.0060306584 | K1016: =(SUM(D1012:D1015)/4-D1015)/D1015 -> -0.0033744015 | L1016: =(SUM(D1007:D1015)/9-D1015)/D1015 -> -0.012560089 | M1016: =(D1016-F1016)/F1016 -> 0.0054091167 | N1016: =(D1016-G1016)/G1016 -> 0.014499061 | O1016: =(F1016-G1016)/D1016 -> 0.0089118273 | P1016: =(D1016-2217.86)/2217.86 -> 0.029992876 | U1016: =(D1011-D1015)/D1015 -> -0.009869548 | V1016: =(D1011*(1-0.01)-D1015)/D1015 -> -0.019770853 | W1016: =(D1016-D1011)/D1011 -> 0.013374855 | X1016: =(F1016-F1011)/F1011 -> 0.018247053 | Y1016: =(SUM(D1012:D1015)*(0.99/4.01)-D1015)/D1015 -> -0.015801155 | Z1016: =(SUM(D1012:D1015)*(0.995/4.005)-D1015)/D1015 -> -0.0095955351 | AA1016: =(D1016-D1015)/D1015 -> 0.0033733035 | AB1016: =(D1016-D1015)/D1015 -> 0.0033733035 | AC1016: =(D1016-AD1016)/D1016 -> 0.0056188314 | AD1016: =D1016*(2/(5+1))+AD1015*(1-(2/(5+1))) -> 2271.5445
A1017: =WEEKNUM(C1017,2) -> 3 | B1017: =WEEKDAY(C1017,2) -> 2 | C1017: 40554 | D1017: 2288.73 | E1017: 2294.66 | F1017: =AVERAGE(D1013:D1017) -> 2279.544 | G1017: =AVERAGE(D1008:D1017) -> 2257.863 | H1017: =(D1017-D1016)/D1016 -> 0.0019042366 | I1017: =(E1017-D1016)/D1016 -> 0.0045001269 | J1017: =H1017-I1017 -> -0.0025958904 | K1017: =(SUM(D1013:D1016)/4-D1016)/D1016 -> -0.0031222914 | L1017: =(SUM(D1008:D1016)/9-D1016)/D1016 -> -0.013109319 | M1017: =(D1017-F1017)/F1017 -> 0.0040297533 | N1017: =(D1017-G1017)/G1017 -> 0.013670891 | O1017: =(F1017-G1017)/D1017 -> 0.0094729391 | P1017: =(D1017-2217.86)/2217.86 -> 0.031954226 | U1017: =(D1012-D1016)/D1016 -> -0.014410912 | V1017: =(D1012*(1-0.01)-D1016)/D1016 -> -0.024266803 | W1017: =(D1017-D1012)/D1012 -> 0.016553703 | X1017: =(F1017-F1012)/F1012 -> 0.019391087 | Y1017: =(SUM(D1013:D1016)*(0.99/4.01)-D1016)/D1016 -> -0.015552188 | Z1017: =(SUM(D1013:D1016)*(0.995/4.005)-D1016)/D1016 -> -0.0093449987 | AA1017: =(D1017-D1016)/D1016 -> 0.0019042366 | AB1017: =(D1017-D1016)/D1016 -> 0.0019042366 | AC1017: =(D1017-AD1017)/D1017 -> 0.0050058464 | AD1017: =D1017*(2/(5+1))+AD1016*(1-(2/(5+1))) -> 2277.273
A1018: =WEEKNUM(C1018,2) -> 3 | B1018: =WEEKDAY(C1018,2) -> 3 | C1018: 40555 | D1018: 2304.88 | E1018: 2298.63 | F1018: =AVERAGE(D1014:D1018) -> 2286.44 | G1018: =AVERAGE(D1009:D1018) -> 2265.187 | H1018: =(D1018-D1017)/D1017 -> 0.0070563151 | I1018: =(E1018-D1017)/D1017 -> 0.004325543 | J1018: =H1018-I1018 -> 0.0027307721 | K1018: =(SUM(D1014:D1017)/4-D1017)/D1017 -> -0.0030147724 | L1018: =(SUM(D1009:D1017)/9-D1017)/D1017 -> -0.012213469 | M1018: =(D1018-F1018)/F1018 -> 0.0080649394 | N1018: =(D1018-G1018)/G1018 -> 0.017523057 | O1018: =(F1018-G1018)/D1018 -> 0.0092208705 | P1018: =(D1018-2217.86)/2217.86 -> 0.03923602 | U1018: =(D1013-D1017)/D1017 -> -0.0080088084 | V1018: =(D1013*(1-0.01)-D1017)/D1017 -> -0.01792872 | W1018: =(D1018-D1013)/D1013 -> 0.015186751 | X1018: =(F1018-F1013)/F1013 -> 0.018942625 | Y1018: =(SUM(D1014:D1017)*(0.99/4.01)-D1017)/D1017 -> -0.01544601 | Z1018: =(SUM(D1014:D1017)*(0.995/4.005)-D1017)/D1017 -> -0.0092381508 | AA1018: =(D1018-D1017)/D1017 -> 0.0070563151 | AB1018: =(D1018-D1017)/D1017 -> 0.0070563151 | AC1018: =(D1018-AD1018)/D1018 -> 0.0079850956 | AD1018: =D1018*(2/(5+1))+AD1017*(1-(2/(5+1))) -> 2286.4753
A1019: =WEEKNUM(C1019,2) -> 3 | B1019: =WEEKDAY(C1019,2) -> 4 | C1019: 40556 | D1019: 2305.53 | E1019: 2303.6 | F1019: =AVERAGE(D1015:D1019) -> 2292.044 | G1019: =AVERAGE(D1010:D1019) -> 2273.168 | H1019: =(D1019-D1018)/D1018 -> 0.00028201034 | I1019: =(E1019-D1018)/D1018 -> -0.00055534345 | J1019: =H1019-I1019 -> 0.00083735379 | K1019: =(SUM(D1015:D1018)/4-D1018)/D1018 -> -0.0070318194 | L1019: =(SUM(D1010:D1018)/9-D1018)/D1018 -> -0.015318705 | M1019: =(D1019-F1019)/F1019 -> 0.0058838312 | N1019: =(D1019-G1019)/G1019 -> 0.014236519 | O1019: =(F1019-G1019)/D1019 -> 0.0081872715 | P1019: =(D1019-2217.86)/2217.86 -> 0.039529096 | U1019: =(D1014-D1018)/D1018 -> -0.011874805 | V1019: =(D1014*(1-0.01)-D1018)/D1018 -> -0.021756057 | W1019: =(D1019-D1014)/D1014 -> 0.01230291 | X1019: =(F1019-F1014)/F1014 -> 0.016746721 | Y1019: =(SUM(D1015:D1018)*(0.99/4.01)-D1018)/D1018 -> -0.019412969 | Z1019: =(SUM(D1015:D1018)*(0.995/4.005)-D1018)/D1018 -> -0.013230123 | AA1019: =(D1019-D1018)/D1018 -> 0.00028201034 | AB1019: =(D1019-D1018)/D1018 -> 0.00028201034 | AC1019: =(D1019-AD1019)/D1019 -> 0.0055098501 | AD1019: =D1019*(2/(5+1))+AD1018*(1-(2/(5+1))) -> 2292.8269
A1020: =WEEKNUM(C1020,2) -> 3 | B1020: =WEEKDAY(C1020,2) -> 5 | C1020: 40557 | D1020: 2323.43 | E1020: 2304.37 | F1020: =AVERAGE(D1016:D1020) -> 2301.39 | G1020: =AVERAGE(D1011:D1020) -> 2283.725 | H1020: =(D1020-D1019)/D1019 -> 0.0077639415 | I1020: =(E1020-D1019)/D1019 -> -0.00050313811 | J1020: =H1020-I1020 -> 0.0082670796 | K1020: =(SUM(D1016:D1019)/4-D1019)/D1019 -> -0.0041855886 | L1020: =(SUM(D1011:D1019)/9-D1019)/D1019 -> -0.01137121 | M1020: =(D1020-F1020)/F1020 -> 0.009576821 | N1020: =(D1020-G1020)/G1020 -> 0.017386069 | O1020: =(F1020-G1020)/D1020 -> 0.0076029835 | P1020: =(D1020-2217.86)/2217.86 -> 0.047599939 | U1020: =(D1015-D1019)/D1019 -> -0.012504717 | V1020: =(D1015*(1-0.01)-D1019)/D1019 -> -0.02237967 | W1020: =(D1020-D1015)/D1015 -> 0.020525322 | X1020: =(F1020-F1015)/F1015 -> 0.015590938 | Y1020: =(SUM(D1016:D1019)*(0.99/4.01)-D1019)/D1019 -> -0.016602227 | Z1020: =(SUM(D1016:D1019)*(0.995/4.005)-D1019)/D1019 -> -0.010401659 | AA1020: =(D1020-D1019)/D1019 -> 0.0077639415 | AB1020: =(D1020-D1019)/D1019 -> 0.0077639415 | AC1020: =(D1020-AD1020)/D1020 -> 0.0087810191 | AD1020: =D1020*(2/(5+1))+AD1019*(1-(2/(5+1))) -> 2303.0279
A1021: =WEEKNUM(C1021,2) -> 4 | B1021: =WEEKDAY(C1021,2) -> 2 | C1021: 40561 | D1021: 2328.79 | E1021: 2300.93 | F1021: =AVERAGE(D1017:D1021) -> 2310.272 | G1021: =AVERAGE(D1012:D1021) -> 2291.181 | H1021: =(D1021-D1020)/D1020 -> 0.0023069341 | I1021: =(E1021-D1020)/D1020 -> -0.0096839586 | J1021: =H1021-I1021 -> 0.011990893 | K1021: =(SUM(D1017:D1020)/4-D1020)/D1020 -> -0.0076557073 | L1021: =(SUM(D1012:D1020)/9-D1020)/D1020 -> -0.015678449 | M1021: =(D1021-F1021)/F1021 -> 0.0080155064 | N1021: =(D1021-G1021)/G1021 -> 0.016414679 | O1021: =(F1021-G1021)/D1021 -> 0.0081978195 | P1021: =(D1021-2217.86)/2217.86 -> 0.050016683 | U1021: =(D1016-D1020)/D1020 -> -0.016807048 | V1021: =(D1016*(1-0.01)-D1020)/D1020 -> -0.026638978 | W1021: =(D1021-D1016)/D1016 -> 0.019440724 | X1021: =(F1021-F1016)/F1016 -> 0.016804792 | Y1021: =(SUM(D1017:D1020)*(0.99/4.01)-D1020)/D1020 -> -0.020029078 | Z1021: =(SUM(D1017:D1020)*(0.995/4.005)-D1020)/D1020 -> -0.013850116 | AA1021: =(D1021-D1020)/D1020 -> 0.0023069341 | AB1021: =(D1021-D1020)/D1020 -> 0.0023069341 | AC1021: =(D1021-AD1021)/D1021 -> 0.0073749553 | AD1021: =D1021*(2/(5+1))+AD1020*(1-(2/(5+1))) -> 2311.6153
A1022: =WEEKNUM(C1022,2) -> 4 | B1022: =WEEKDAY(C1022,2) -> 3 | C1022: 40562 | D1022: 2303.32 | E1022: 2329.93 | F1022: =AVERAGE(D1018:D1022) -> 2313.19 | G1022: =AVERAGE(D1013:D1022) -> 2296.367 | H1022: =(D1022-D1021)/D1021 -> -0.01093701 | I1022: =(E1022-D1021)/D1021 -> 0.0004895246 | J1022: =H1022-I1022 -> -0.011426535 | K1022: =(SUM(D1018:D1021)/4-D1021)/D1021 -> -0.0056391946 | L1022: =(SUM(D1013:D1021)/9-D1021)/D1021 -> -0.014254422 | M1022: =(D1022-F1022)/F1022 -> -0.004266835 | N1022: =(D1022-G1022)/G1022 -> 0.0030278261 | O1022: =(F1022-G1022)/D1022 -> 0.0073038049 | P1022: =(D1022-2217.86)/2217.86 -> 0.03853264 | U1022: =(D1017-D1021)/D1021 -> -0.017202066 | V1022: =(D1017*(1-0.01)-D1021)/D1021 -> -0.027030046 | W1022: =(D1022-D1017)/D1017 -> 0.0063747144 | X1022: =(F1022-F1017)/F1017 -> 0.01475997 | Y1022: =(SUM(D1018:D1021)*(0.99/4.01)-D1021)/D1021 -> -0.018037708 | Z1022: =(SUM(D1018:D1021)*(0.995/4.005)-D1021)/D1021 -> -0.011846191 | AA1022: =(D1022-D1021)/D1021 -> -0.01093701 | AB1022: =(D1022-D1021)/D1021 -> -0.01093701 | AC1022: =(D1022-AD1022)/D1022 -> -0.0024009626 | AD1022: =D1022*(2/(5+1))+AD1021*(1-(2/(5+1))) -> 2308.8502
... A1262: =WEEKNUM(C1262,2) -> 53 | B1262: =WEEKDAY(C1262,2) -> 5 | C1262: 40907 | D1262: 2277.83 | E1262: 2281.91 | F1262: =AVERAGE(D1258:D1262) -> 2282.134 | G1262: =AVERAGE(D1253:D1262) -> 2266.186 | H1262: =(D1262-D1261)/D1261 -> -0.0031683931 | I1262: =(E1262-D1261)/D1261 -> -0.0013828898 | J1262: =H1262-I1262 -> -0.0017855033 | K1262: =(SUM(D1258:D1261)/4-D1261)/D1261 -> -0.00081397944 | L1262: =(SUM(D1253:D1261)/9-D1261)/D1261 -> -0.0088302668 | M1262: =(D1262-F1262)/F1262 -> -0.0018859541 | N1262: =(D1262-G1262)/G1262 -> 0.0051381484 | O1262: =(F1262-G1262)/D1262 -> 0.0070014005 | P1262: =(D1262-2217.86)/2217.86 -> 0.027039579 | U1262: =(D1257-D1261)/D1261 -> -0.0080085074 | V1262: =(D1257*(1-0.01)-D1261)/D1261 -> -0.017928422 | W1262: =(D1262-D1257)/D1257 -> 0.0048791893 | X1262: =(F1262-F1257)/F1257 -> 0.014174501 | Y1262: =(SUM(D1258:D1261)*(0.99/4.01)-D1261)/D1261 -> -0.013272658 | Z1262: =(SUM(D1258:D1261)*(0.995/4.005)-D1261)/D1261 -> -0.0070510957 | AA1262: =(D1262-D1261)/D1261 -> -0.0031683931 | AB1262: =(D1262-D1261)/D1261 -> -0.0031683931 | AC1262: =(D1262-AD1262)/D1262 -> 0.00026740234 | AD1262: =D1262*(2/(5+1))+AD1261*(1-(2/(5+1))) -> 2277.2209
A1263: =WEEKNUM(C1263,2) -> 2 | B1263: =WEEKDAY(C1263,2) -> 2 | C1263: 40911 | D1263: 2321.96 | E1263: 2323.16 | F1263: =AVERAGE(D1259:D1263) -> 2289.012 | G1263: =AVERAGE(D1254:D1263) -> 2274.564 | H1263: =(D1263-D1262)/D1262 -> 0.019373702 | I1263: =(E1263-D1262)/D1262 -> 0.019900519 | J1263: =H1263-I1263 -> -0.00052681719 | K1263: =(SUM(D1259:D1262)/4-D1262)/D1262 -> 0.0012928972 | L1263: =(SUM(D1254:D1262)/9-D1262)/D1262 -> -0.0037457678 | M1263: =(D1263-F1263)/F1263 -> 0.014393983 | N1263: =(D1263-G1263)/G1263 -> 0.0208374 | O1263: =(F1263-G1263)/D1263 -> 0.0062223294 | P1263: =(D1263-2277.83)/2277.83 -> 0.019373702 | U1263: =(D1258-D1262)/D1262 -> 0.0042759995 | V1263: =(D1258*(1-0.01)-D1262)/D1262 -> -0.0057667605 | W1263: =(D1263-D1258)/D1258 -> 0.01503342 | X1263: =(F1263-F1258)/F1258 -> 0.012785184 | Y1263: =(SUM(D1259:D1262)*(0.99/4.01)-D1262)/D1262 -> -0.011192052 | Z1263: =(SUM(D1259:D1262)*(0.995/4.005)-D1262)/D1262 -> -0.0049573706 | AA1263: =(D1263-D1262)/D1262 -> 0.019373702 | AB1263: =(D1263-D1262)/D1262 -> 0.019373702 | AC1263: =(D1263-AD1263)/D1263 -> 0.01284521 | AD1263: =D1263*(2/(5+1))+AD1262*(1-(2/(5+1))) -> 2292.1339
A1264: =WEEKNUM(C1264,2) -> 2 | B1264: =WEEKDAY(C1264,2) -> 3 | C1264: 40912 | D1264: 2329.71 | E1264: 2316.53 | F1264: =AVERAGE(D1260:D1264) -> 2296.33 | G1264: =AVERAGE(D1255:D1264) -> 2286.008 | H1264: =(D1264-D1263)/D1263 -> 0.0033376975 | I1264: =(E1264-D1263)/D1263 -> -0.0023385416 | J1264: =H1264-I1264 -> 0.005676239 | K1264: =(SUM(D1260:D1263)/4-D1263)/D1263 -> -0.014632035 | L1264: =(SUM(D1255:D1263)/9-D1263)/D1263 -> -0.017574712 | M1264: =(D1264-F1264)/F1264 -> 0.014536238 | N1264: =(D1264-G1264)/G1264 -> 0.019117168 | O1264: =(F1264-G1264)/D1264 -> 0.0044305944 | P1264: =(D1264-2277.83)/2277.83 -> 0.022776063 | U1264: =(D1259-D1263)/D1263 -> -0.012420541 | V1264: =(D1259*(1-0.01)-D1263)/D1263 -> -0.022296336 | W1264: =(D1264-D1259)/D1259 -> 0.015956426 | X1264: =(F1264-F1259)/F1259 -> 0.0090715503 | Y1264: =(SUM(D1260:D1263)*(0.99/4.01)-D1263)/D1263 -> -0.026918419 | Z1264: =(SUM(D1260:D1263)*(0.995/4.005)-D1263)/D1263 -> -0.020782896 | AA1264: =(D1264-D1263)/D1263 -> 0.0033376975 | AB1264: =(D1264-D1263)/D1263 -> 0.0033376975 | AC1264: =(D1264-AD1264)/D1264 -> 0.010752716 | AD1264: =D1264*(2/(5+1))+AD1263*(1-(2/(5+1))) -> 2304.6593
A1265: =WEEKNUM(C1265,2) -> 2 | B1265: =WEEKDAY(C1265,2) -> 4 | C1265: 40913 | D1265: 2348.98 | E1265: 2326.58 | F1265: =AVERAGE(D1261:D1265) -> 2312.71 | G1265: =AVERAGE(D1256:D1265) -> 2292.712 | H1265: =(D1265-D1264)/D1264 -> 0.0082714158 | I1265: =(E1265-D1264)/D1264 -> -0.0013435149 | J1265: =H1265-I1265 -> 0.0096149306 | K1265: =(SUM(D1261:D1264)/4-D1264)/D1264 -> -0.011189161 | L1265: =(SUM(D1256:D1264)/9-D1264)/D1264 -> -0.018564542 | M1265: =(D1265-F1265)/F1265 -> 0.0156829 | N1265: =(D1265-G1265)/G1265 -> 0.024542114 | O1265: =(F1265-G1265)/D1265 -> 0.0085134824 | P1265: =(D1265-2277.83)/2277.83 -> 0.031235869 | U1265: =(D1260-D1264)/D1264 -> -0.026883174 | V1265: =(D1260*(1-0.01)-D1264)/D1264 -> -0.036614343 | W1265: =(D1265-D1260)/D1260 -> 0.036125765 | X1265: =(F1265-F1260)/F1260 -> 0.017598343 | Y1265: =(SUM(D1261:D1264)*(0.99/4.01)-D1264)/D1264 -> -0.023518473 | Z1265: =(SUM(D1261:D1264)*(0.995/4.005)-D1264)/D1264 -> -0.017361513 | AA1265: =(D1265-D1264)/D1264 -> 0.0082714158 | AB1265: =(D1265-D1264)/D1264 -> 0.0082714158 | AC1265: =(D1265-AD1265)/D1265 -> 0.012578711 | AD1265: =D1265*(2/(5+1))+AD1264*(1-(2/(5+1))) -> 2319.4329
A1266: =WEEKNUM(C1266,2) -> 2 | B1266: =WEEKDAY(C1266,2) -> 5 | C1266: 40914 | D1266: 2356.17 | E1266: 2350.68 | F1266: =AVERAGE(D1262:D1266) -> 2326.93 | G1266: =AVERAGE(D1257:D1266) -> 2303.426 | H1266: =(D1266-D1265)/D1265 -> 0.003060903 | I1266: =(E1266-D1265)/D1265 -> 0.00072371838 | J1266: =H1266-I1266 -> 0.0023371847 | K1266: =(SUM(D1262:D1265)/4-D1265)/D1265 -> -0.012499042 | L1266: =(SUM(D1257:D1265)/9-D1265)/D1265 -> -0.021887987 | M1266: =(D1266-F1266)/F1266 -> 0.012565913 | N1266: =(D1266-G1266)/G1266 -> 0.022898066 | O1266: =(F1266-G1266)/D1266 -> 0.0099755111 | P1266: =(D1266-2277.83)/2277.83 -> 0.034392382 | U1266: =(D1261-D1265)/D1265 -> -0.027207554 | V1266: =(D1261*(1-0.01)-D1265)/D1265 -> -0.036935478 | W1266: =(D1266-D1261)/D1261 -> 0.031115021 | X1266: =(F1266-F1261)/F1261 -> 0.020618249 | Y1266: =(SUM(D1262:D1265)*(0.99/4.01)-D1265)/D1265 -> -0.024812022 | Z1266: =(SUM(D1262:D1265)*(0.995/4.005)-D1265)/D1265 -> -0.018663218 | AA1266: =(D1266-D1265)/D1265 -> 0.003060903 | AB1266: =(D1266-D1265)/D1265 -> 0.003060903 | AC1266: =(D1266-AD1266)/D1266 -> 0.010394592 | AD1266: =D1266*(2/(5+1))+AD1265*(1-(2/(5+1))) -> 2331.6786
A1267: =WEEKNUM(C1267,2) -> 3 | B1267: =WEEKDAY(C1267,2) -> 1 | C1267: 40917 | D1267: 2350.65 | E1267: 2362.53 | F1267: =AVERAGE(D1263:D1267) -> 2341.494 | G1267: =AVERAGE(D1258:D1267) -> 2311.814 | H1267: =(D1267-D1266)/D1266 -> -0.0023427851 | I1267: =(E1267-D1266)/D1266 -> 0.0026992959 | J1267: =H1267-I1267 -> -0.005042081 | K1267: =(SUM(D1263:D1266)/4-D1266)/D1266 -> -0.0072002445 | L1267: =(SUM(D1258:D1266)/9-D1266)/D1266 -> -0.020656876 | M1267: =(D1267-F1267)/F1267 -> 0.0039103239 | N1267: =(D1267-G1267)/G1267 -> 0.016798929 | O1267: =(F1267-G1267)/D1267 -> 0.012626295 | P1267: =(D1267-2277.83)/2277.83 -> 0.031969023 | U1267: =(D1262-D1266)/D1266 -> -0.033248874 | V1267: =(D1262*(1-0.01)-D1266)/D1266 -> -0.042916385 | W1267: =(D1267-D1262)/D1262 -> 0.031969023 | X1267: =(F1267-F1262)/F1262 -> 0.026010743 | Y1267: =(SUM(D1263:D1266)*(0.99/4.01)-D1266)/D1266 -> -0.019579294 | Z1267: =(SUM(D1263:D1266)*(0.995/4.005)-D1266)/D1266 -> -0.013397496 | AA1267: =(D1267-D1266)/D1266 -> -0.0023427851 | AB1267: =(D1267-D1266)/D1266 -> -0.0023427851 | AC1267: =(D1267-AD1267)/D1267 -> 0.0053804768 | AD1267: =D1267*(2/(5+1))+AD1266*(1-(2/(5+1))) -> 2338.0024
A1268: =WEEKNUM(C1268,2) -> 3 | B1268: =WEEKDAY(C1268,2) -> 2 | C1268: 40918 | D1268: 2367.38 | E1268: 2374.26 | F1268: =AVERAGE(D1264:D1268) -> 2350.578 | G1268: =AVERAGE(D1259:D1268) -> 2319.795 | H1268: =(D1268-D1267)/D1267 -> 0.0071171804 | I1268: =(E1268-D1267)/D1267 -> 0.01004403 | J1268: =H1268-I1268 -> -0.00292685 | K1268: =(SUM(D1264:D1267)/4-D1267)/D1267 -> -0.0018175824 | L1268: =(SUM(D1259:D1267)/9-D1267)/D1267 -> -0.015375416 | M1268: =(D1268-F1268)/F1268 -> 0.0071480291 | N1268: =(D1268-G1268)/G1268 -> 0.020512588 | O1268: =(F1268-G1268)/D1268 -> 0.013002982 | P1268: =(D1268-2277.83)/2277.83 -> 0.039313733 | U1268: =(D1263-D1267)/D1267 -> -0.012205135 | V1268: =(D1263*(1-0.01)-D1267)/D1267 -> -0.022083083 | W1268: =(D1268-D1263)/D1263 -> 0.01956106 | X1268: =(F1268-F1263)/F1263 -> 0.02689632 | Y1268: =(SUM(D1264:D1267)*(0.99/4.01)-D1267)/D1267 -> -0.014263747 | Z1268: =(SUM(D1264:D1267)*(0.995/4.005)-D1267)/D1267 -> -0.0080484339 | AA1268: =(D1268-D1267)/D1267 -> 0.0071171804 | AB1268: =(D1268-D1267)/D1267 -> 0.0071171804 | AC1268: =(D1268-AD1268)/D1268 -> 0.0082728918 | AD1268: =D1268*(2/(5+1))+AD1267*(1-(2/(5+1))) -> 2347.7949
A1269: =WEEKNUM(C1269,2) -> 3 | B1269: =WEEKDAY(C1269,2) -> 3 | C1269: 40919 | D1269: 2372.25 | E1269: 2363.69 | F1269: =AVERAGE(D1265:D1269) -> 2359.086 | G1269: =AVERAGE(D1260:D1269) -> 2327.708 | H1269: =(D1269-D1268)/D1268 -> 0.0020571264 | I1269: =(E1269-D1268)/D1268 -> -0.0015586851 | J1269: =H1269-I1269 -> 0.0036158116 | K1269: =(SUM(D1265:D1268)/4-D1268)/D1268 -> -0.0048935955 | L1269: =(SUM(D1260:D1268)/9-D1268)/D1268 -> -0.01884831 | M1269: =(D1269-F1269)/F1269 -> 0.0055801272 | N1269: =(D1269-G1269)/G1269 -> 0.019135562 | O1269: =(F1269-G1269)/D1269 -> 0.013227105 | P1269: =(D1269-2277.83)/2277.83 -> 0.041451733 | U1269: =(D1264-D1268)/D1268 -> -0.015912105 | V1269: =(D1264*(1-0.01)-D1268)/D1268 -> -0.025752984 | W1269: =(D1269-D1264)/D1264 -> 0.018259783 | X1269: =(F1269-F1264)/F1264 -> 0.027328825 | Y1269: =(SUM(D1265:D1268)*(0.99/4.01)-D1268)/D1268 -> -0.017301406 | Z1269: =(SUM(D1265:D1268)*(0.995/4.005)-D1268)/D1268 -> -0.011105246 | AA1269: =(D1269-D1268)/D1268 -> 0.0020571264 | AB1269: =(D1269-D1268)/D1268 -> 0.0020571264 | AC1269: =(D1269-AD1269)/D1269 -> 0.0068725411 | AD1269: =D1269*(2/(5+1))+AD1268*(1-(2/(5+1))) -> 2355.9466
A1270: =WEEKNUM(C1270,2) -> 3 | B1270: =WEEKDAY(C1270,2) -> 4 | C1270: 40920 | D1270: 2381.99 | E1270: 2377.34 | F1270: =AVERAGE(D1266:D1270) -> 2365.688 | G1270: =AVERAGE(D1261:D1270) -> 2339.199 | H1270: =(D1270-D1269)/D1269 -> 0.0041058067 | I1270: =(E1270-D1269)/D1269 -> 0.0021456423 | J1270: =H1270-I1270 -> 0.0019601644 | K1270: =(SUM(D1266:D1269)/4-D1269)/D1269 -> -0.0044841395 | L1270: =(SUM(D1261:D1269)/9-D1269)/D1269 -> -0.015936582 | M1270: =(D1270-F1270)/F1270 -> 0.0068910186 | N1270: =(D1270-G1270)/G1270 -> 0.018293014 | O1270: =(F1270-G1270)/D1270 -> 0.011120534 | P1270: =(D1270-2277.83)/2277.83 -> 0.045727732 | U1270: =(D1265-D1269)/D1269 -> -0.0098092528 | V1270: =(D1265*(1-0.01)-D1269)/D1269 -> -0.01971116 | W1270: =(D1270-D1265)/D1265 -> 0.014052908 | X1270: =(F1270-F1265)/F1265 -> 0.022907325 | Y1270: =(SUM(D1266:D1269)*(0.99/4.01)-D1269)/D1269 -> -0.016897055 | Z1270: =(SUM(D1266:D1269)*(0.995/4.005)-D1269)/D1269 -> -0.010698346 | AA1270: =(D1270-D1269)/D1269 -> 0.0041058067 | AB1270: =(D1270-D1269)/D1269 -> 0.0041058067 | AC1270: =(D1270-AD1270)/D1270 -> 0.0072889714 | AD1270: =D1270*(2/(5+1))+AD1269*(1-(2/(5+1))) -> 2364.6277
A1271: =WEEKNUM(C1271,2) -> 3 | B1271: =WEEKDAY(C1271,2) -> 5 | C1271: 40921 | D1271: 2371.98 | E1271: 2371.42 | F1271: =AVERAGE(D1267:D1271) -> 2368.85 | G1271: =AVERAGE(D1262:D1271) -> 2347.89 | H1271: =(D1271-D1270)/D1270 -> -0.0042023686 | I1271: =(E1271-D1270)/D1270 -> -0.0044374662 | J1271: =H1271-I1271 -> 0.00023509754 | K1271: =(SUM(D1267:D1270)/4-D1270)/D1270 -> -0.0058449028 | L1271: =(SUM(D1262:D1270)/9-D1270)/D1270 -> -0.015439471 | M1271: =(D1271-F1271)/F1271 -> 0.0013213163 | N1271: =(D1271-G1271)/G1271 -> 0.010260276 | O1271: =(F1271-G1271)/D1271 -> 0.0088364995 | P1271: =(D1271-2277.83)/2277.83 -> 0.041333199 | U1271: =(D1266-D1270)/D1270 -> -0.010839676 | V1271: =(D1266*(1-0.01)-D1270)/D1270 -> -0.020731279 | W1271: =(D1271-D1266)/D1266 -> 0.0067100421 | X1271: =(F1271-F1266)/F1266 -> 0.018015153 | Y1271: =(SUM(D1267:D1270)*(0.99/4.01)-D1270)/D1270 -> -0.018240852 | Z1271: =(SUM(D1267:D1270)*(0.995/4.005)-D1270)/D1270 -> -0.012050615 | AA1271: =(D1271-D1270)/D1270 -> -0.0042023686 | AB1271: =(D1271-D1270)/D1270 -> -0.0042023686 | AC1271: =(D1271-AD1271)/D1271 -> 0.0020664191 | AD1271: =D1271*(2/(5+1))+AD1270*(1-(2/(5+1))) -> 2367.0785
A1272: =WEEKNUM(C1272,2) -> 4 | B1272: =WEEKDAY(C1272,2) -> 2 | C1272: 40925 | D1272: 2393.24 | E1272: 2396.14 | F1272: =AVERAGE(D1268:D1272) -> 2377.368 | G1272: =AVERAGE(D1263:D1272) -> 2359.431 | H1272: =(D1272-D1271)/D1271 -> 0.0089629761 | I1272: =(E1272-D1271)/D1271 -> 0.010185583 | J1272: =H1272-I1272 -> -0.0012226073 | K1272: =(SUM(D1268:D1271)/4-D1271)/D1271 -> 0.00059865598 | L1272: =(SUM(D1263:D1271)/9-D1271)/D1271 -> -0.0068742382 | M1272: =(D1272-F1272)/F1272 -> 0.0066762908 | N1272: =(D1272-G1272)/G1272 -> 0.014329302 | O1272: =(F1272-G1272)/D1272 -> 0.0074948605 | P1272: =(D1272-2277.83)/2277.83 -> 0.050666643 | U1272: =(D1267-D1271)/D1271 -> -0.0089924873 | V1272: =(D1267*(1-0.01)-D1271)/D1271 -> -0.018902562 | W1272: =(D1272-D1267)/D1267 -> 0.018118393 | X1272: =(F1272-F1267)/F1267 -> 0.015320987 | Y1272: =(SUM(D1268:D1271)*(0.99/4.01)-D1271)/D1271 -> -0.011877636 | Z1272: =(SUM(D1268:D1271)*(0.995/4.005)-D1271)/D1271 -> -0.0056472782 | AA1272: =(D1272-D1271)/D1271 -> 0.0089629761 | AB1272: =(D1272-D1271)/D1271 -> 0.0089629761 | AC1272: =(D1272-AD1272)/D1272 -> 0.0072876114 | AD1272: =D1272*(2/(5+1))+AD1271*(1-(2/(5+1))) -> 2375.799
A1273: =WEEKNUM(C1273,2) -> 4 | B1273: =WEEKDAY(C1273,2) -> 3 | C1273: 40926 | D1273: 2425.96 | E1273: 2396.63 | F1273: =AVERAGE(D1269:D1273) -> 2389.084 | G1273: =AVERAGE(D1264:D1273) -> 2369.831 | H1273: =(D1273-D1272)/D1272 -> 0.013671842 | I1273: =(E1273-D1272)/D1272 -> 0.0014164898 | J1273: =H1273-I1273 -> 0.012255353 | K1273: =(SUM(D1269:D1272)/4-D1272)/D1272 -> -0.0055886581 | L1273: =(SUM(D1264:D1272)/9-D1272)/D1272 -> -0.012387205 | M1273: =(D1273-F1273)/F1273 -> 0.015435204 | N1273: =(D1273-G1273)/G1273 -> 0.023684811 | O1273: =(F1273-G1273)/D1273 -> 0.0079362397 | P1273: =(D1273-2277.83)/2277.83 -> 0.065031192 | U1273: =(D1268-D1272)/D1272 -> -0.010805435 | V1273: =(D1268*(1-0.01)-D1272)/D1272 -> -0.020697381 | W1273: =(D1273-D1268)/D1268 -> 0.024744654 | X1273: =(F1273-F1268)/F1268 -> 0.016381503 | Y1273: =(SUM(D1269:D1272)*(0.99/4.01)-D1272)/D1272 -> -0.017987802 | Z1273: =(SUM(D1269:D1272)*(0.995/4.005)-D1272)/D1272 -> -0.01179597 | AA1273: =(D1273-D1272)/D1272 -> 0.013671842 | AB1273: =(D1273-D1272)/D1272 -> 0.013671842 | AC1273: =(D1273-AD1273)/D1273 -> 0.01378451 | AD1273: =D1273*(2/(5+1))+AD1272*(1-(2/(5+1))) -> 2392.5193
A1274: =WEEKNUM(C1274,2) -> 4 | B1274: =WEEKDAY(C1274,2) -> 4 | C1274: 40927 | D1274: 2441.7 | E1274: 2435.14 | F1274: =AVERAGE(D1270:D1274) -> 2402.974 | G1274: =AVERAGE(D1265:D1274) -> 2381.03 | H1274: =(D1274-D1273)/D1273 -> 0.0064881531 | I1274: =(E1274-D1273)/D1273 -> 0.003784069 | J1274: =H1274-I1274 -> 0.0027040842 | K1274: =(SUM(D1270:D1273)/4-D1273)/D1273 -> -0.013465803 | L1274: =(SUM(D1265:D1273)/9-D1273)/D1273 -> -0.021299243 | M1274: =(D1274-F1274)/F1274 -> 0.016115863 | N1274: =(D1274-G1274)/G1274 -> 0.025480569 | O1274: =(F1274-G1274)/D1274 -> 0.0089871811 | P1274: =(D1274-2277.83)/2277.83 -> 0.071941277 | U1274: =(D1269-D1273)/D1273 -> -0.022139689 | V1274: =(D1269*(1-0.01)-D1273)/D1273 -> -0.031918292 | W1274: =(D1274-D1269)/D1269 -> 0.029276004 | X1274: =(F1274-F1269)/F1269 -> 0.018603815 | Y1274: =(SUM(D1270:D1273)*(0.99/4.01)-D1273)/D1273 -> -0.025766728 | Z1274: =(SUM(D1270:D1273)*(0.995/4.005)-D1273)/D1273 -> -0.019623944 | AA1274: =(D1274-D1273)/D1273 -> 0.0064881531 | AB1274: =(D1274-D1273)/D1273 -> 0.0064881531 | AC1274: =(D1274-AD1274)/D1274 -> 0.013427986 | AD1274: =D1274*(2/(5+1))+AD1273*(1-(2/(5+1))) -> 2408.9129
... A1512: =WEEKNUM(C1512,2) -> 54 | B1512: =WEEKDAY(C1512,2) -> 1 | C1512: 41274 | D1512: 2660.93 | E1512: 2600.92 | F1512: =AVERAGE(D1508:D1512) -> 2639.092 | G1512: =AVERAGE(D1503:D1512) -> 2661.432 | H1512: =(D1512-D1511)/D1511 -> 0.020937246 | I1512: =(E1512-D1511)/D1511 -> -0.0020872021 | J1512: =H1512-I1512 -> 0.023024448 | K1512: =(SUM(D1508:D1511)/4-D1511)/D1511 -> 0.010463827 | L1512: =(SUM(D1503:D1511)/9-D1511)/D1511 -> 0.021151252 | M1512: =(D1512-F1512)/F1512 -> 0.0082748157 | N1512: =(D1512-G1512)/G1512 -> -0.00018862026 | O1512: =(F1512-G1512)/D1512 -> -0.008395561 | P1512: =(D1512-2277.83)/2277.83 -> 0.16818639 | U1512: =(D1507-D1511)/D1511 -> 0.022372197 | V1512: =(D1507*(1-0.01)-D1511)/D1511 -> 0.012148475 | W1512: =(D1512-D1507)/D1507 -> -0.0014035509 | X1512: =(F1512-F1507)/F1507 -> -0.01664821 | Y1512: =(SUM(D1508:D1511)*(0.99/4.01)-D1511)/D1511 -> -0.0021354726 | Z1512: =(SUM(D1508:D1511)*(0.995/4.005)-D1511)/D1511 -> 0.0041563124 | AA1512: =(D1512-D1511)/D1511 -> 0.020937246 | AB1512: =(D1512-D1511)/D1511 -> 0.020937246 | AC1512: =(D1512-AD1512)/D1512 -> 0.006268187 | AD1512: =D1512*(2/(5+1))+AD1511*(1-(2/(5+1))) -> 2644.2508
A1513: =WEEKNUM(C1513,2) -> 1 | B1513: =WEEKDAY(C1513,2) -> 3 | C1513: 41276 | D1513: 2746.47 | E1513: 2727.67 | F1513: =AVERAGE(D1509:D1513) -> 2656.776 | G1513: =AVERAGE(D1504:D1513) -> 2669.653 | H1513: =(D1513-D1512)/D1512 -> 0.032146655 | I1513: =(E1513-D1512)/D1512 -> 0.025081456 | J1513: =H1513-I1513 -> 0.007065199 | K1513: =(SUM(D1509:D1512)/4-D1512)/D1512 -> -0.0099880493 | L1513: =(SUM(D1504:D1512)/9-D1512)/D1512 -> 7.0568477e-05 | M1513: =(D1513-F1513)/F1513 -> 0.033760468 | N1513: =(D1513-G1513)/G1513 -> 0.028774152 | O1513: =(F1513-G1513)/D1513 -> -0.0046885639 | P1513: =(D1513-2660.93)/2660.93 -> 0.032146655 | U1513: =(D1508-D1512)/D1512 -> -0.0010823284 | V1513: =(D1508*(1-0.01)-D1512)/D1512 -> -0.011071505 | W1513: =(D1513-D1508)/D1508 -> 0.033264987 | X1513: =(F1513-F1508)/F1508 -> -0.0096006382 | Y1513: =(SUM(D1509:D1512)*(0.99/4.01)-D1512)/D1512 -> -0.022332338 | Z1513: =(SUM(D1509:D1512)*(0.995/4.005)-D1512)/D1512 -> -0.016167899 | AA1513: =(D1513-D1512)/D1512 -> 0.032146655 | AB1513: =(D1513-D1512)/D1512 -> 0.032146655 | AC1513: =(D1513-AD1513)/D1513 -> 0.024812264 | AD1513: =D1513*(2/(5+1))+AD1512*(1-(2/(5+1))) -> 2678.3239
A1514: =WEEKNUM(C1514,2) -> 1 | B1514: =WEEKDAY(C1514,2) -> 4 | C1514: 41277 | D1514: 2732.26 | E1514: 2742.13 | F1514: =AVERAGE(D1510:D1514) -> 2675.792 | G1514: =AVERAGE(D1505:D1514) -> 2672.34 | H1514: =(D1514-D1513)/D1513 -> -0.0051739142 | I1514: =(E1514-D1513)/D1513 -> -0.0015802102 | J1514: =H1514-I1514 -> -0.0035937039 | K1514: =(SUM(D1510:D1513)/4-D1513)/D1513 -> -0.030874177 | L1514: =(SUM(D1505:D1513)/9-D1513)/D1513 -> -0.029415132 | M1514: =(D1514-F1514)/F1514 -> 0.021103285 | N1514: =(D1514-G1514)/G1514 -> 0.022422297 | O1514: =(F1514-G1514)/D1514 -> 0.001263423 | P1514: =(D1514-2660.93)/2660.93 -> 0.026806417 | U1514: =(D1509-D1513)/D1513 -> -0.039792898 | V1514: =(D1509*(1-0.01)-D1513)/D1513 -> -0.049394969 | W1514: =(D1514-D1509)/D1509 -> 0.036053663 | X1514: =(F1514-F1509)/F1509 -> 0.0025868452 | Y1514: =(SUM(D1510:D1513)*(0.99/4.01)-D1513)/D1513 -> -0.04295804 | Z1514: =(SUM(D1510:D1513)*(0.995/4.005)-D1513)/D1513 -> -0.036923651 | AA1514: =(D1514-D1513)/D1513 -> -0.0051739142 | AB1514: =(D1514-D1513)/D1513 -> -0.0051739142 | AC1514: =(D1514-AD1514)/D1514 -> 0.013160323 | AD1514: =D1514*(2/(5+1))+AD1513*(1-(2/(5+1))) -> 2696.3026
A1515: =WEEKNUM(C1515,2) -> 1 | B1515: =WEEKDAY(C1515,2) -> 5 | C1515: 41278 | D1515: 2724.49 | E1515: 2730.53 | F1515: =AVERAGE(D1511:D1515) -> 2694.102 | G1515: =AVERAGE(D1506:D1515) -> 2675.69 | H1515: =(D1515-D1514)/D1514 -> -0.0028437996 | I1515: =(E1515-D1514)/D1514 -> -0.00063317547 | J1515: =H1515-I1515 -> -0.0022106242 | K1515: =(SUM(D1511:D1514)/4-D1514)/D1514 -> -0.01674621 | L1515: =(SUM(D1506:D1514)/9-D1514)/D1514 -> -0.022688991 | M1515: =(D1515-F1515)/F1515 -> 0.011279454 | N1515: =(D1515-G1515)/G1515 -> 0.018238286 | O1515: =(F1515-G1515)/D1515 -> 0.006757962 | P1515: =(D1515-2660.93)/2660.93 -> 0.023886386 | U1515: =(D1510-D1514)/D1514 -> -0.03635086 | V1515: =(D1510*(1-0.01)-D1514)/D1514 -> -0.045987351 | W1515: =(D1515-D1510)/D1510 -> 0.034771016 | X1515: =(F1515-F1510)/F1510 -> 0.01385779 | Y1515: =(SUM(D1511:D1514)*(0.99/4.01)-D1514)/D1514 -> -0.029006232 | Z1515: =(SUM(D1511:D1514)*(0.995/4.005)-D1514)/D1514 -> -0.022883874 | AA1515: =(D1515-D1514)/D1514 -> -0.0028437996 | AB1515: =(D1515-D1514)/D1514 -> -0.0028437996 | AC1515: =(D1515-AD1515)/D1515 -> 0.006897297 | AD1515: =D1515*(2/(5+1))+AD1514*(1-(2/(5+1))) -> 2705.6984
A1516: =WEEKNUM(C1516,2) -> 2 | B1516: =WEEKDAY(C1516,2) -> 1 | C1516: 41281 | D1516: 2724.22 | E1516: 2713.44 | F1516: =AVERAGE(D1512:D1516) -> 2717.674 | G1516: =AVERAGE(D1507:D1516) -> 2678.757 | H1516: =(D1516-D1515)/D1515 -> -9.9101116e-05 | I1516: =(E1516-D1515)/D1515 -> -0.0040558049 | J1516: =H1516-I1516 -> 0.0039567038 | K1516: =(SUM(D1512:D1515)/4-D1515)/D1515 -> -0.0031024155 | L1516: =(SUM(D1507:D1515)/9-D1515)/D1515 -> -0.018639982 | M1516: =(D1516-F1516)/F1516 -> 0.0024086774 | N1516: =(D1516-G1516)/G1516 -> 0.016971678 | O1516: =(F1516-G1516)/D1516 -> 0.014285557 | P1516: =(D1516-2660.93)/2660.93 -> 0.023784917 | U1516: =(D1511-D1515)/D1515 -> -0.043358574 | V1516: =(D1511*(1-0.01)-D1515)/D1515 -> -0.052924988 | W1516: =(D1516-D1511)/D1511 -> 0.045220154 | X1516: =(F1516-F1511)/F1511 -> 0.029484363 | Y1516: =(SUM(D1512:D1515)*(0.99/4.01)-D1515)/D1515 -> -0.01553256 | Z1516: =(SUM(D1512:D1515)*(0.995/4.005)-D1515)/D1515 -> -0.0093252469 | AA1516: =(D1516-D1515)/D1515 -> -9.9101116e-05 | AB1516: =(D1516-D1515)/D1515 -> -9.9101116e-05 | AC1516: =(D1516-AD1516)/D1516 -> 0.0045325798 | AD1516: =D1516*(2/(5+1))+AD1515*(1-(2/(5+1))) -> 2711.8723
A1517: =WEEKNUM(C1517,2) -> 2 | B1517: =WEEKDAY(C1517,2) -> 2 | C1517: 41282 | D1517: 2718.72 | E1517: 2724.76 | F1517: =AVERAGE(D1513:D1517) -> 2729.232 | G1517: =AVERAGE(D1508:D1517) -> 2684.162 | H1517: =(D1517-D1516)/D1516 -> -0.0020189265 | I1517: =(E1517-D1516)/D1516 -> 0.00019822188 | J1517: =H1517-I1517 -> -0.0022171484 | K1517: =(SUM(D1513:D1516)/4-D1516)/D1516 -> 0.0028044725 | L1517: =(SUM(D1508:D1516)/9-D1516)/D1516 -> -0.016113889 | M1517: =(D1517-F1517)/F1517 -> -0.003851633 | N1517: =(D1517-G1517)/G1517 -> 0.012874782 | O1517: =(F1517-G1517)/D1517 -> 0.016577654 | P1517: =(D1517-2660.93)/2660.93 -> 0.021717971 | U1517: =(D1512-D1516)/D1516 -> -0.023232338 | V1517: =(D1512*(1-0.01)-D1516)/D1516 -> -0.033000015 | W1517: =(D1517-D1512)/D1512 -> 0.021717971 | X1517: =(F1517-F1512)/F1512 -> 0.034155687 | Y1517: =(SUM(D1513:D1516)*(0.99/4.01)-D1516)/D1516 -> -0.0096993239 | Z1517: =(SUM(D1513:D1516)*(0.995/4.005)-D1516)/D1516 -> -0.0034552309 | AA1517: =(D1517-D1516)/D1516 -> -0.0020189265 | AB1517: =(D1517-D1516)/D1516 -> -0.0020189265 | AC1517: =(D1517-AD1517)/D1517 -> 0.001679159 | AD1517: =D1517*(2/(5+1))+AD1516*(1-(2/(5+1))) -> 2714.1548
A1518: =WEEKNUM(C1518,2) -> 2 | B1518: =WEEKDAY(C1518,2) -> 3 | C1518: 41283 | D1518: 2727.65 | E1518: 2724.17 | F1518: =AVERAGE(D1514:D1518) -> 2725.468 | G1518: =AVERAGE(D1509:D1518) -> 2691.122 | H1518: =(D1518-D1517)/D1517 -> 0.0032846339 | I1518: =(E1518-D1517)/D1517 -> 0.0020046198 | J1518: =H1518-I1518 -> 0.0012800141 | K1518: =(SUM(D1514:D1517)/4-D1517)/D1517 -> 0.0022814045 | L1518: =(SUM(D1509:D1517)/9-D1517)/D1517 -> -0.01164396 | M1518: =(D1518-F1518)/F1518 -> 0.00080059645 | N1518: =(D1518-G1518)/G1518 -> 0.013573521 | O1518: =(F1518-G1518)/D1518 -> 0.012591791 | P1518: =(D1518-2660.93)/2660.93 -> 0.02507394 | U1518: =(D1513-D1517)/D1517 -> 0.010207009 | V1518: =(D1513*(1-0.01)-D1517)/D1517 -> 0.00010493909 | W1518: =(D1518-D1513)/D1513 -> -0.0068524324 | X1518: =(F1518-F1513)/F1513 -> 0.025855398 | Y1518: =(SUM(D1514:D1517)*(0.99/4.01)-D1517)/D1517 -> -0.01021587 | Z1518: =(SUM(D1514:D1517)*(0.995/4.005)-D1517)/D1517 -> -0.0039750337 | AA1518: =(D1518-D1517)/D1517 -> 0.0032846339 | AB1518: =(D1518-D1517)/D1517 -> 0.0032846339 | AC1518: =(D1518-AD1518)/D1518 -> 0.0032983614 | AD1518: =D1518*(2/(5+1))+AD1517*(1-(2/(5+1))) -> 2718.6532
A1519: =WEEKNUM(C1519,2) -> 2 | B1519: =WEEKDAY(C1519,2) -> 4 | C1519: 41284 | D1519: 2744.18 | E1519: 2746.68 | F1519: =AVERAGE(D1515:D1519) -> 2727.852 | G1519: =AVERAGE(D1510:D1519) -> 2701.822 | H1519: =(D1519-D1518)/D1518 -> 0.0060601617 | I1519: =(E1519-D1518)/D1518 -> 0.0069767016 | J1519: =H1519-I1519 -> -0.00091653988 | K1519: =(SUM(D1515:D1518)/4-D1518)/D1518 -> -0.0014224699 | L1519: =(SUM(D1510:D1518)/9-D1518)/D1518 -> -0.011194414 | M1519: =(D1519-F1519)/F1519 -> 0.005985662 | N1519: =(D1519-G1519)/G1519 -> 0.015677569 | O1519: =(F1519-G1519)/D1519 -> 0.0094855294 | P1519: =(D1519-2660.93)/2660.93 -> 0.031286054 | U1519: =(D1514-D1518)/D1518 -> 0.0016900995 | V1519: =(D1514*(1-0.01)-D1518)/D1518 -> -0.0083268015 | W1519: =(D1519-D1514)/D1514 -> 0.0043626888 | X1519: =(F1519-F1514)/F1514 -> 0.019455922 | Y1519: =(SUM(D1515:D1518)*(0.99/4.01)-D1518)/D1518 -> -0.013873561 | Z1519: =(SUM(D1515:D1518)*(0.995/4.005)-D1518)/D1518 -> -0.0076557878 | AA1519: =(D1519-D1518)/D1518 -> 0.0060601617 | AB1519: =(D1519-D1518)/D1518 -> 0.0060601617 | AC1519: =(D1519-AD1519)/D1519 -> 0.0062014337 | AD1519: =D1519*(2/(5+1))+AD1518*(1-(2/(5+1))) -> 2727.1621
A1520: =WEEKNUM(C1520,2) -> 2 | B1520: =WEEKDAY(C1520,2) -> 5 | C1520: 41285 | D1520: 2748.26 | E1520: 2743.57 | F1520: =AVERAGE(D1516:D1520) -> 2732.606 | G1520: =AVERAGE(D1511:D1520) -> 2713.354 | H1520: =(D1520-D1519)/D1519 -> 0.0014867829 | I1520: =(E1520-D1519)/D1519 -> -0.00022228863 | J1520: =H1520-I1520 -> 0.0017090716 | K1520: =(SUM(D1516:D1519)/4-D1519)/D1519 -> -0.0056437624 | L1520: =(SUM(D1511:D1519)/9-D1519)/D1519 -> -0.012646563 | M1520: =(D1520-F1520)/F1520 -> 0.0057285975 | N1520: =(D1520-G1520)/G1520 -> 0.012864521 | O1520: =(F1520-G1520)/D1520 -> 0.0070051596 | P1520: =(D1520-2660.93)/2660.93 -> 0.032819353 | U1520: =(D1515-D1519)/D1519 -> -0.0071751853 | V1520: =(D1515*(1-0.01)-D1519)/D1519 -> -0.017103433 | W1520: =(D1520-D1515)/D1515 -> 0.0087245686 | X1520: =(F1520-F1515)/F1515 -> 0.014291961 | Y1520: =(SUM(D1516:D1519)*(0.99/4.01)-D1519)/D1519 -> -0.018042219 | Z1520: =(SUM(D1516:D1519)*(0.995/4.005)-D1519)/D1519 -> -0.01185073 | AA1520: =(D1520-D1519)/D1519 -> 0.0014867829 | AB1520: =(D1520-D1519)/D1519 -> 0.0014867829 | AC1520: =(D1520-AD1520)/D1520 -> 0.0051178686 | AD1520: =D1520*(2/(5+1))+AD1519*(1-(2/(5+1))) -> 2734.1948
A1521: =WEEKNUM(C1521,2) -> 3 | B1521: =WEEKDAY(C1521,2) -> 1 | C1521: 41288 | D1521: 2735.7 | E1521: 2733.46 | F1521: =AVERAGE(D1517:D1521) -> 2734.902 | G1521: =AVERAGE(D1512:D1521) -> 2726.288 | H1521: =(D1521-D1520)/D1520 -> -0.0045701644 | I1521: =(E1521-D1520)/D1520 -> -0.0053852256 | J1521: =H1521-I1521 -> 0.00081506117 | K1521: =(SUM(D1517:D1520)/4-D1520)/D1520 -> -0.0049331213 | L1521: =(SUM(D1512:D1520)/9-D1520)/D1520 -> -0.0083754004 | M1521: =(D1521-F1521)/F1521 -> 0.00029178376 | N1521: =(D1521-G1521)/G1521 -> 0.0034523132 | O1521: =(F1521-G1521)/D1521 -> 0.0031487371 | P1521: =(D1521-2660.93)/2660.93 -> 0.028099198 | U1521: =(D1516-D1520)/D1520 -> -0.0087473529 | V1521: =(D1516*(1-0.01)-D1520)/D1520 -> -0.018659879 | W1521: =(D1521-D1516)/D1516 -> 0.0042140503 | X1521: =(F1521-F1516)/F1516 -> 0.0063392445 | Y1521: =(SUM(D1517:D1520)*(0.99/4.01)-D1520)/D1520 -> -0.017340439 | Z1521: =(SUM(D1517:D1520)*(0.995/4.005)-D1520)/D1520 -> -0.011144525 | AA1521: =(D1521-D1520)/D1520 -> -0.0045701644 | AB1521: =(D1521-D1520)/D1520 -> -0.0045701644 | AC1521: =(D1521-AD1521)/D1521 -> 0.00036681251 | AD1521: =D1521*(2/(5+1))+AD1520*(1-(2/(5+1))) -> 2734.6965
A1522: =WEEKNUM(C1522,2) -> 3 | B1522: =WEEKDAY(C1522,2) -> 2 | C1522: 41289 | D1522: 2722.98 | E1522: 2721.29 | F1522: =AVERAGE(D1518:D1522) -> 2735.754 | G1522: =AVERAGE(D1513:D1522) -> 2732.493 | H1522: =(D1522-D1521)/D1521 -> -0.0046496326 | I1522: =(E1522-D1521)/D1521 -> -0.0052673904 | J1522: =H1522-I1522 -> 0.0006177578 | K1522: =(SUM(D1518:D1521)/4-D1521)/D1521 -> 0.0011870819 | L1522: =(SUM(D1513:D1521)/9-D1521)/D1521 -> -0.00078590489 | M1522: =(D1522-F1522)/F1522 -> -0.0046692795 | N1522: =(D1522-G1522)/G1522 -> -0.0034814362 | O1522: =(F1522-G1522)/D1522 -> 0.001197585 | P1522: =(D1522-2660.93)/2660.93 -> 0.023318915 | U1522: =(D1517-D1521)/D1521 -> -0.0062068209 | V1522: =(D1517*(1-0.01)-D1521)/D1521 -> -0.016144753 | W1522: =(D1522-D1517)/D1517 -> 0.0015669138 | X1522: =(F1522-F1517)/F1517 -> 0.0023896833 | Y1522: =(SUM(D1518:D1521)*(0.99/4.01)-D1521)/D1521 -> -0.011296548 | Z1522: =(SUM(D1518:D1521)*(0.995/4.005)-D1521)/D1521 -> -0.0050625253 | AA1522: =(D1522-D1521)/D1521 -> -0.0046496326 | AB1522: =(D1522-D1521)/D1521 -> -0.0046496326 | AC1522: =(D1522-AD1522)/D1522 -> -0.0028685511 | AD1522: =D1522*(2/(5+1))+AD1521*(1-(2/(5+1))) -> 2730.791
A1523: =WEEKNUM(C1523,2) -> 3 | B1523: =WEEKDAY(C1523,2) -> 3 | C1523: 41290 | D1523: 2734.73 | E1523: 2725.63 | F1523: =AVERAGE(D1519:D1523) -> 2737.17 | G1523: =AVERAGE(D1514:D1523) -> 2731.319 | H1523: =(D1523-D1522)/D1522 -> 0.0043151253 | I1523: =(E1523-D1522)/D1522 -> 0.00097319848 | J1523: =H1523-I1523 -> 0.0033419269 | K1523: =(SUM(D1519:D1522)/4-D1522)/D1522 -> 0.0054352217 | L1523: =(SUM(D1514:D1522)/9-D1522)/D1522 -> 0.0029232679 | M1523: =(D1523-F1523)/F1523 -> -0.00089143166 | N1523: =(D1523-G1523)/G1523 -> 0.0012488472 | O1523: =(F1523-G1523)/D1523 -> 0.0021395165 | P1523: =(D1523-2660.93)/2660.93 -> 0.027734664 | U1523: =(D1518-D1522)/D1522 -> 0.0017150328 | V1523: =(D1518*(1-0.01)-D1522)/D1522 -> -0.0083021175 | W1523: =(D1523-D1518)/D1518 -> 0.0025956409 | X1523: =(F1523-F1518)/F1518 -> 0.0042935745 | Y1523: =(SUM(D1519:D1522)*(0.99/4.01)-D1522)/D1522 -> -0.0071013771 | Z1523: =(SUM(D1519:D1522)*(0.995/4.005)-D1522)/D1522 -> -0.00084090327 | AA1523: =(D1523-D1522)/D1522 -> 0.0043151253 | AB1523: =(D1523-D1522)/D1522 -> 0.0043151253 | AC1523: =(D1523-AD1523)/D1523 -> 0.00096023926 | AD1523: =D1523*(2/(5+1))+AD1522*(1-(2/(5+1))) -> 2732.104
A1524: =WEEKNUM(C1524,2) -> 3 | B1524: =WEEKDAY(C1524,2) -> 4 | C1524: 41291 | D1524: 2747.15 | E1524: 2746.19 | F1524: =AVERAGE(D1520:D1524) -> 2737.764 | G1524: =AVERAGE(D1515:D1524) -> 2732.808 | H1524: =(D1524-D1523)/D1523 -> 0.0045415818 | I1524: =(E1524-D1523)/D1523 -> 0.0041905417 | J1524: =H1524-I1524 -> 0.00035104014 | K1524: =(SUM(D1520:D1523)/4-D1523)/D1523 -> 0.00025139593 | L1524: =(SUM(D1515:D1523)/9-D1523)/D1523 -> -0.001285522 | M1524: =(D1524-F1524)/F1524 -> 0.0034283452 | N1524: =(D1524-G1524)/G1524 -> 0.0052480818 | O1524: =(F1524-G1524)/D1524 -> 0.0018040515 | P1524: =(D1524-2660.93)/2660.93 -> 0.032402205 | U1524: =(D1519-D1523)/D1523 -> 0.0034555514 | V1524: =(D1519*(1-0.01)-D1523)/D1523 -> -0.0065790041 | W1524: =(D1524-D1519)/D1519 -> 0.0010822905 | X1524: =(F1524-F1519)/F1519 -> 0.0036336282 | Y1524: =(SUM(D1520:D1523)*(0.99/4.01)-D1523)/D1523 -> -0.012220567 | Z1524: =(SUM(D1520:D1523)*(0.995/4.005)-D1523)/D1523 -> -0.0059923706 | AA1524: =(D1524-D1523)/D1523 -> 0.0045415818 | AB1524: =(D1524-D1523)/D1523 -> 0.0045415818 | AC1524: =(D1524-AD1524)/D1524 -> 0.003651298 | AD1524: =D1524*(2/(5+1))+AD1523*(1-(2/(5+1))) -> 2737.1193
...

Sheet s&p 500
A1: week of year | B1: Weekday | C1: 日期 | D1: 收盘 | E1: 开盘 | F1: SMA5 | G1: SMA10 | H1: daily | I1: daily open | J1: daily - daily open | K1: go to SMA5 | L1: go to SMA10 | M1: compare to SMA5 | N1: compare to SMA10 | O1: SMA5 - SMA10 | P1: YTD | Q1: year over year | R1: week | S1: month | T1: daily down | U1: daily up | V1: go to 5 days before | W1: down 1% | X1: 5 days | Y1: go to SMA5*(1-0.01) | Z1: go to SMA5*(1-0.005) | AA1: SMA5 5 days before
A2: =WEEKNUM(C2,2) -> 53 | B2: =WEEKDAY(C2,2) -> 5 | C2: 39080 | D2: 1418.3 | E2: 1424.71
A3: =WEEKNUM(C3,2) -> 1 | B3: =WEEKDAY(C3,2) -> 3 | C3: 39085 | D3: 1416.6 | E3: 1418.03 | H3: =(D3-D2)/D2 -> -0.0011986181 | I3: =(E3-D2)/D2 -> -0.00019036875 | J3: =H3-I3 -> -0.0010082493 | P3: =(D3-1418.3)/1418.3 -> -0.0011986181 | T3: =(D3-D2)/D2 -> -0.0011986181 | U3: =(D3-D2)/D2 -> -0.0011986181
A4: =WEEKNUM(C4,2) -> 1 | B4: =WEEKDAY(C4,2) -> 4 | C4: 39086 | D4: 1418.34 | E4: 1416.6 | H4: =(D4-D3)/D3 -> 0.0012282931 | I4: =(E4-D3)/D3 -> 0 | J4: =H4-I4 -> 0.0012282931 | P4: =(D4-1418.3)/1418.3 -> 2.8202778e-05 | T4: =(D4-D3)/D3 -> 0.0012282931 | U4: =(D4-D3)/D3 -> 0.0012282931
A5: =WEEKNUM(C5,2) -> 1 | B5: =WEEKDAY(C5,2) -> 5 | C5: 39087 | D5: 1409.71 | E5: 1418.34 | H5: =(D5-D4)/D4 -> -0.0060845777 | I5: =(E5-D4)/D4 -> 0 | J5: =H5-I5 -> -0.0060845777 | P5: =(D5-1418.3)/1418.3 -> -0.0060565466 | T5: =(D5-D4)/D4 -> -0.0060845777 | U5: =(D5-D4)/D4 -> -0.0060845777
A6: =WEEKNUM(C6,2) -> 2 | B6: =WEEKDAY(C6,2) -> 1 | C6: 39090 | D6: 1412.84 | E6: 1409.26 | F6: =AVERAGE(D2:D6) -> 1415.158 | H6: =(D6-D5)/D5 -> 0.0022203148 | I6: =(E6-D5)/D5 -> -0.00031921459 | J6: =H6-I6 -> 0.0025395294 | K6: =(SUM(D2:D5)/4-D5)/D5 -> 0.0042757021 | M6: =(D6-F6)/F6 -> -0.0016379796 | P6: =(D6-1418.3)/1418.3 -> -0.0038496792 | T6: =(D6-D5)/D5 -> 0.0022203148 | U6: =(D6-D5)/D5 -> 0.0022203148 | Y6: =(SUM(D2:D5)*(0.99/4.01)-D5)/D5 -> -0.0082464388 | Z6: =(SUM(D2:D5)*(0.995/4.005)-D5)/D5 -> -0.0019931849
A7: =WEEKNUM(C7,2) -> 2 | B7: =WEEKDAY(C7,2) -> 2 | C7: 39091 | D7: 1412.11 | E7: 1412.84 | F7: =AVERAGE(D3:D7) -> 1413.92 | H7: =(D7-D6)/D6 -> -0.00051668979 | I7: =(E7-D6)/D6 -> 0 | J7: =H7-I7 -> -0.00051668979 | K7: =(SUM(D3:D6)/4-D6)/D6 -> 0.0010846947 | M7: =(D7-F7)/F7 -> -0.001280129 | P7: =(D7-1418.3)/1418.3 -> -0.0043643799 | T7: =(D7-D6)/D6 -> -0.00051668979 | U7: =(D7-D6)/D6 -> -0.00051668979 | V7: =(D2-D6)/D6 -> 0.0038645565 | W7: =(D2*(1-0.01)-D6)/D6 -> -0.0061740891 | X7: =(D7-D2)/D2 -> -0.0043643799 | Y7: =(SUM(D3:D6)*(0.99/4.01)-D6)/D6 -> -0.011397658 | Z7: =(SUM(D3:D6)*(0.995/4.005)-D6)/D6 -> -0.0051642735
A8: =WEEKNUM(C8,2) -> 2 | B8: =WEEKDAY(C8,2) -> 3 | C8: 39092 | D8: 1414.85 | E8: 1408.7 | F8: =AVERAGE(D4:D8) -> 1413.57 | H8: =(D8-D7)/D7 -> 0.0019403588 | I8: =(E8-D7)/D7 -> -0.002414826 | J8: =H8-I8 -> 0.0043551848 | K8: =(SUM(D4:D7)/4-D7)/D7 -> 0.00080730255 | M8: =(D8-F8)/F8 -> 0.00090550875 | P8: =(D8-1418.3)/1418.3 -> -0.0024324896 | T8: =(D8-D7)/D7 -> 0.0019403588 | U8: =(D8-D7)/D7 -> 0.0019403588 | V8: =(D3-D7)/D7 -> 0.003179639 | W8: =(D3*(1-0.01)-D7)/D7 -> -0.0068521574 | X8: =(D8-D3)/D3 -> -0.0012353523 | Y8: =(SUM(D4:D7)*(0.99/4.01)-D7)/D7 -> -0.011671591 | Z8: =(SUM(D4:D7)*(0.995/4.005)-D7)/D7 -> -0.005439934
A9: =WEEKNUM(C9,2) -> 2 | B9: =WEEKDAY(C9,2) -> 4 | C9: 39093 | D9: 1423.82 | E9: 1414.84 | F9: =AVERAGE(D5:D9) -> 1414.666 | H9: =(D9-D8)/D8 -> 0.0063398947 | I9: =(E9-D8)/D8 -> -7.0678871e-06 | J9: =H9-I9 -> 0.0063469626 | K9: =(SUM(D5:D8)/4-D8)/D8 -> -0.0017475351 | M9: =(D9-F9)/F9 -> 0.0064707853 | P9: =(D9-1418.3)/1418.3 -> 0.0038919834 | T9: =(D9-D8)/D8 -> 0.0063398947 | U9: =(D9-D8)/D8 -> 0.0063398947 | V9: =(D4-D8)/D8 -> 0.0024666926 | W9: =(D4*(1-0.01)-D8)/D8 -> -0.0075579743 | X9: =(D9-D4)/D4 -> 0.0038636716 | Y9: =(SUM(D5:D8)*(0.99/4.01)-D8)/D8 -> -0.014194573 | Z9: =(SUM(D5:D8)*(0.995/4.005)-D8)/D8 -> -0.0079788239
A10: =WEEKNUM(C10,2) -> 2 | B10: =WEEKDAY(C10,2) -> 5 | C10: 39094 | D10: 1430.73 | E10: 1423.82 | F10: =AVERAGE(D6:D10) -> 1418.87 | H10: =(D10-D9)/D9 -> 0.0048531415 | I10: =(E10-D9)/D9 -> 0 | J10: =H10-I10 -> 0.0048531415 | K10: =(SUM(D6:D9)/4-D9)/D9 -> -0.0055589892 | M10: =(D10-F10)/F10 -> 0.0083587644 | P10: =(D10-1418.3)/1418.3 -> 0.0087640133 | T10: =(D10-D9)/D9 -> 0.0048531415 | U10: =(D10-D9)/D9 -> 0.0048531415 | V10: =(D5-D9)/D9 -> -0.0099099605 | W10: =(D5*(1-0.01)-D9)/D9 -> -0.019810861 | X10: =(D10-D5)/D5 -> 0.014910868 | Y10: =(SUM(D6:D9)*(0.99/4.01)-D9)/D9 -> -0.017958503 | Z10: =(SUM(D6:D9)*(0.995/4.005)-D9)/D9 -> -0.011766486
A11: =WEEKNUM(C11,2) -> 3 | B11: =WEEKDAY(C11,2) -> 2 | C11: 39098 | D11: 1431.9 | E11: 1430.73 | F11: =AVERAGE(D7:D11) -> 1422.682 | G11: =AVERAGE(D2:D11) -> 1418.92 | H11: =(D11-D10)/D10 -> 0.00081776436 | I11: =(E11-D10)/D10 -> 0 | J11: =H11-I11 -> 0.00081776436 | K11: =(SUM(D7:D10)/4-D10)/D10 -> -0.0072358167 | L11: =(SUM(D2:D10)/9-D10)/D10 -> -0.0092625598 | M11: =(D11-F11)/F11 -> 0.0064793116 | N11: =(D11-G11)/G11 -> 0.0091478026 | O11: =(F11-G11)/D11 -> 0.0026272784 | P11: =(D11-1418.3)/1418.3 -> 0.0095889445 | T11: =(D11-D10)/D10 -> 0.00081776436 | U11: =(D11-D10)/D10 -> 0.00081776436 | V11: =(D6-D10)/D10 -> -0.012504106 | W11: =(D6*(1-0.01)-D10)/D10 -> -0.022379065 | X11: =(D11-D6)/D6 -> 0.013490558 | Y11: =(SUM(D7:D10)*(0.99/4.01)-D10)/D10 -> -0.019614422 | Z11: =(SUM(D7:D10)*(0.995/4.005)-D10)/D10 -> -0.013432847 | AA11: =(F11-F6)/F6 -> 0.0053167208
A12: =WEEKNUM(C12,2) -> 3 | B12: =WEEKDAY(C12,2) -> 3 | C12: 39099 | D12: 1430.62 | E12: 1431.77 | F12: =AVERAGE(D8:D12) -> 1426.384 | G12: =AVERAGE(D3:D12) -> 1420.152 | H12: =(D12-D11)/D11 -> -0.00089391717 | I12: =(E12-D11)/D11 -> -9.0788463e-05 | J12: =H12-I12 -> -0.00080312871 | K12: =(SUM(D8:D11)/4-D11)/D11 -> -0.0045918011 | L12: =(SUM(D3:D11)/9-D11)/D11 -> -0.0090167687 | M12: =(D12-F12)/F12 -> 0.0029697473 | N12: =(D12-G12)/G12 -> 0.007371042 | O12: =(F12-G12)/D12 -> 0.0043561533 | P12: =(D12-1418.3)/1418.3 -> 0.0086864556 | T12: =(D12-D11)/D11 -> -0.00089391717 | U12: =(D12-D11)/D11 -> -0.00089391717 | V12: =(D7-D11)/D11 -> -0.013820798 | W12: =(D7*(1-0.01)-D11)/D11 -> -0.02368259 | X12: =(D12-D7)/D7 -> 0.013108044 | Y12: =(SUM(D8:D11)*(0.99/4.01)-D11)/D11 -> -0.017003375 | Z12: =(SUM(D8:D11)*(0.995/4.005)-D11)/D11 -> -0.010805335 | AA12: =(F12-F7)/F7 -> 0.0088152088
A13: =WEEKNUM(C13,2) -> 3 | B13: =WEEKDAY(C13,2) -> 4 | C13: 39100 | D13: 1426.37 | E13: 1430.59 | F13: =AVERAGE(D9:D13) -> 1428.688 | G13: =AVERAGE(D4:D13) -> 1421.129 | H13: =(D13-D12)/D12 -> -0.00297074 | I13: =(E13-D12)/D12 -> -2.0969929e-05 | J13: =H13-I13 -> -0.00294977 | K13: =(SUM(D9:D12)/4-D12)/D12 -> -0.0009453943 | L13: =(SUM(D4:D12)/9-D12)/D12 -> -0.0070412362 | M13: =(D13-F13)/F13 -> -0.0016224676 | N13: =(D13-G13)/G13 -> 0.0036879129 | O13: =(F13-G13)/D13 -> 0.0052994665 | P13: =(D13-1418.3)/1418.3 -> 0.0056899105 | T13: =(D13-D12)/D12 -> -0.00297074 | U13: =(D13-D12)/D12 -> -0.00297074 | V13: =(D8-D12)/D12 -> -0.011023193 | W13: =(D8*(1-0.01)-D12)/D12 -> -0.020912961 | X13: =(D13-D8)/D8 -> 0.0081422059 | Y13: =(SUM(D9:D12)*(0.99/4.01)-D12)/D12 -> -0.013402434 | Z13: =(SUM(D9:D12)*(0.995/4.005)-D12)/D12 -> -0.0071816902 | AA13: =(F13-F8)/F8 -> 0.010694907
A14: =WEEKNUM(C14,2) -> 3 | B14: =WEEKDAY(C14,2) -> 5 | C14: 39101 | D14: 1430.5 | E14: 1426.35 | F14: =AVERAGE(D10:D14) -> 1430.024 | G14: =AVERAGE(D5:D14) -> 1422.345 | H14: =(D14-D13)/D13 -> 0.0028954619 | I14: =(E14-D13)/D13 -> -1.4021607e-05 | J14: =H14-I14 -> 0.0029094835 | K14: =(SUM(D10:D13)/4-D13)/D13 -> 0.0024783191 | L14: =(SUM(D5:D13)/9-D13)/D13 -> -0.0034571052 | M14: =(D14-F14)/F14 -> 0.00033286155 | N14: =(D14-G14)/G14 -> 0.0057334894 | O14: =(F14-G14)/D14 -> 0.0053680531 | P14: =(D14-1418.3)/1418.3 -> 0.0086018473 | T14: =(D14-D13)/D13 -> 0.0028954619 | U14: =(D14-D13)/D13 -> 0.0028954619 | V14: =(D9-D13)/D13 -> -0.0017877549 | W14: =(D9*(1-0.01)-D13)/D13 -> -0.011769877 | X14: =(D14-D9)/D9 -> 0.0046916043 | Y14: =(SUM(D10:D13)*(0.99/4.01)-D13)/D13 -> -0.010021411 | Z14: =(SUM(D10:D13)*(0.995/4.005)-D13)/D13 -> -0.0037793483 | AA14: =(F14-F9)/F9 -> 0.010856273
A15: =WEEKNUM(C15,2) -> 4 | B15: =WEEKDAY(C15,2) -> 1 | C15: 39104 | D15: 1422.95 | E15: 1430.47 | F15: =AVERAGE(D11:D15) -> 1428.468 | G15: =AVERAGE(D6:D15) -> 1423.669 | H15: =(D15-D14)/D14 -> -0.0052778749 | I15: =(E15-D14)/D14 -> -2.0971688e-05 | J15: =H15-I15 -> -0.0052569032 | K15: =(SUM(D11:D14)/4-D14)/D14 -> -0.00045613422 | L15: =(SUM(D6:D14)/9-D14)/D14 -> -0.0047194066 | M15: =(D15-F15)/F15 -> -0.0038628797 | N15: =(D15-G15)/G15 -> -0.00050503312 | O15: =(F15-G15)/D15 -> 0.0033725711 | P15: =(D15-1418.3)/1418.3 -> 0.0032785729 | T15: =(D15-D14)/D14 -> -0.0052778749 | U15: =(D15-D14)/D14 -> -0.0052778749 | V15: =(D10-D14)/D14 -> 0.00016078294 | W15: =(D10*(1-0.01)-D14)/D14 -> -0.0098408249 | X15: =(D15-D10)/D10 -> -0.0054377835 | Y15: =(SUM(D11:D14)*(0.99/4.01)-D14)/D14 -> -0.012919275 | Z15: =(SUM(D11:D14)*(0.995/4.005)-D14)/D14 -> -0.0066954842 | AA15: =(F15-F10)/F10 -> 0.006764538
A16: =WEEKNUM(C16,2) -> 4 | B16: =WEEKDAY(C16,2) -> 2 | C16: 39105 | D16: 1427.99 | E16: 1422.95 | F16: =AVERAGE(D12:D16) -> 1427.686 | G16: =AVERAGE(D7:D16) -> 1425.184 | H16: =(D16-D15)/D15 -> 0.0035419375 | I16: =(E16-D15)/D15 -> 0 | J16: =H16-I16 -> 0.0035419375 | K16: =(SUM(D12:D15)/4-D15)/D15 -> 0.0032748867 | L16: =(SUM(D7:D15)/9-D15)/D15 -> 0.0013508712 | M16: =(D16-F16)/F16 -> 0.00021293198 | N16: =(D16-G16)/G16 -> 0.0019688686 | O16: =(F16-G16)/D16 -> 0.0017521131 | P16: =(D16-1418.3)/1418.3 -> 0.006832123 | T16: =(D16-D15)/D15 -> 0.0035419375 | U16: =(D16-D15)/D15 -> 0.0035419375 | V16: =(D11-D15)/D15 -> 0.0062897502 | W16: =(D11*(1-0.01)-D15)/D15 -> -0.0037731473 | X16: =(D16-D11)/D11 -> -0.0027306376 | Y16: =(SUM(D12:D15)*(0.99/4.01)-D15)/D15 -> -0.0092347752 | Z16: =(SUM(D12:D15)*(0.995/4.005)-D15)/D15 -> -0.0029877531 | AA16: =(F16-F11)/F11 -> 0.0035173004
A17: =WEEKNUM(C17,2) -> 4 | B17: =WEEKDAY(C17,2) -> 3 | C17: 39106 | D17: 1440.13 | E17: 1427.96 | F17: =AVERAGE(D13:D17) -> 1429.588 | G17: =AVERAGE(D8:D17) -> 1427.986 | H17: =(D17-D16)/D16 -> 0.0085014601 | I17: =(E17-D16)/D16 -> -2.100855e-05 | J17: =H17-I17 -> 0.0085224686 | K17: =(SUM(D13:D16)/4-D16)/D16 -> -0.0007265457 | L17: =(SUM(D8:D16)/9-D16)/D16 -> -0.00094771905 | M17: =(D17-F17)/F17 -> 0.0073741526 | N17: =(D17-G17)/G17 -> 0.0085042851 | O17: =(F17-G17)/D17 -> 0.0011123996 | P17: =(D17-1418.3)/1418.3 -> 0.015391666 | T17: =(D17-D16)/D16 -> 0.0085014601 | U17: =(D17-D16)/D16 -> 0.0085014601 | V17: =(D12-D16)/D16 -> 0.0018417496 | W17: =(D12*(1-0.01)-D16)/D16 -> -0.0081766679 | X17: =(D17-D12)/D12 -> 0.0066474675 | Y17: =(SUM(D13:D16)*(0.99/4.01)-D16)/D16 -> -0.013186314 | Z17: =(SUM(D13:D16)*(0.995/4.005)-D16)/D16 -> -0.0069642077 | AA17: =(F17-F12)/F12 -> 0.0022462394
A18: =WEEKNUM(C18,2) -> 4 | B18: =WEEKDAY(C18,2) -> 4 | C18: 39107 | D18: 1423.9 | E18: 1440.12 | F18: =AVERAGE(D14:D18) -> 1429.094 | G18: =AVERAGE(D9:D18) -> 1428.891 | H18: =(D18-D17)/D17 -> -0.011269816 | I18: =(E18-D17)/D17 -> -6.9438176e-06 | J18: =H18-I18 -> -0.011262872 | K18: =(SUM(D14:D17)/4-D17)/D17 -> -0.0067615424 | L18: =(SUM(D9:D17)/9-D17)/D17 -> -0.0074190833 | M18: =(D18-F18)/F18 -> -0.0036344705 | N18: =(D18-G18)/G18 -> -0.0034929186 | O18: =(F18-G18)/D18 -> 0.00014256619 | P18: =(D18-1418.3)/1418.3 -> 0.0039483889 | T18: =(D18-D17)/D17 -> -0.011269816 | U18: =(D18-D17)/D17 -> -0.011269816 | V18: =(D13-D17)/D17 -> -0.009554693 | W18: =(D13*(1-0.01)-D17)/D17 -> -0.019459146 | X18: =(D18-D13)/D13 -> -0.0017316685 | Y18: =(SUM(D14:D17)*(0.99/4.01)-D17)/D17 -> -0.019146062 | Z18: =(SUM(D14:D17)*(0.995/4.005)-D17)/D17 -> -0.012961533 | AA18: =(F18-F13)/F13 -> 0.00028417681
A19: =WEEKNUM(C19,2) -> 4 | B19: =WEEKDAY(C19,2) -> 5 | C19: 39108 | D19: 1422.18 | E19: 1423.9 | F19: =AVERAGE(D15:D19) -> 1427.43 | G19: =AVERAGE(D10:D19) -> 1428.727 | H19: =(D19-D18)/D18 -> -0.00120795 | I19: =(E19-D18)/D18 -> 0 | J19: =H19-I19 -> -0.00120795 | K19: =(SUM(D15:D18)/4-D18)/D18 -> 0.0034008708 | L19: =(SUM(D10:D18)/9-D18)/D18 -> 0.0039008669 | M19: =(D19-F19)/F19 -> -0.0036779387 | N19: =(D19-G19)/G19 -> -0.004582401 | O19: =(F19-G19)/D19 -> -0.0009119802 | P19: =(D19-1418.3)/1418.3 -> 0.0027356695 | T19: =(D19-D18)/D18 -> -0.00120795 | U19: =(D19-D18)/D18 -> -0.00120795 | V19: =(D14-D18)/D18 -> 0.004635157 | W19: =(D14*(1-0.01)-D18)/D18 -> -0.0054111946 | X19: =(D19-D14)/D14 -> -0.0058161482 | Y19: =(SUM(D15:D18)*(0.99/4.01)-D18)/D18 -> -0.009110362 | Z19: =(SUM(D15:D18)*(0.995/4.005)-D18)/D18 -> -0.0028625553 | AA19: =(F19-F14)/F14 -> -0.0018139556
A20: =WEEKNUM(C20,2) -> 5 | B20: =WEEKDAY(C20,2) -> 1 | C20: 39111 | D20: 1420.62 | E20: 1422.03 | F20: =AVERAGE(D16:D20) -> 1426.964 | G20: =AVERAGE(D11:D20) -> 1427.716 | H20: =(D20-D19)/D19 -> -0.0010969076 | I20: =(E20-D19)/D19 -> -0.00010547188 | J20: =H20-I20 -> -0.00099143568 | K20: =(SUM(D16:D19)/4-D19)/D19 -> 0.0044790392 | L20: =(SUM(D11:D19)/9-D19)/D19 -> 0.004447007 | M20: =(D20-F20)/F20 -> -0.0044458024 | N20: =(D20-G20)/G20 -> -0.0049701761 | O20: =(F20-G20)/D20 -> -0.00052934634 | P20: =(D20-1418.3)/1418.3 -> 0.0016357611 | T20: =(D20-D19)/D19 -> -0.0010969076 | U20: =(D20-D19)/D19 -> -0.0010969076 | V20: =(D15-D19)/D19 -> 0.00054142232 | W20: =(D15*(1-0.01)-D19)/D19 -> -0.0094639919 | X20: =(D20-D15)/D15 -> -0.0016374433 | Y20: =(SUM(D16:D19)*(0.99/4.01)-D19)/D19 -> -0.0080456371 | Z20: =(SUM(D16:D19)*(0.995/4.005)-D19)/D19 -> -0.0017911171 | AA20: =(F20-F15)/F15 -> -0.0010528762
A21: =WEEKNUM(C21,2) -> 5 | B21: =WEEKDAY(C21,2) -> 2 | C21: 39112 | D21: 1428.82 | E21: 1420.61 | F21: =AVERAGE(D17:D21) -> 1427.13 | G21: =AVERAGE(D12:D21) -> 1427.408 | H21: =(D21-D20)/D20 -> 0.0057721277 | I21: =(E21-D20)/D20 -> -7.0391801e-06 | J21: =H21-I21 -> 0.0057791668 | K21: =(SUM(D17:D20)/4-D20)/D20 -> 0.0042851009 | L21: =(SUM(D12:D20)/9-D20)/D20 -> 0.0046677585 | M21: =(D21-F21)/F21 -> 0.0011841949 | N21: =(D21-G21)/G21 -> 0.00098920561 | O21: =(F21-G21)/D21 -> -0.00019456615 | P21: =(D21-1418.3)/1418.3 -> 0.0074173306 | T21: =(D21-D20)/D20 -> 0.0057721277 | U21: =(D21-D20)/D20 -> 0.0057721277 | V21: =(D16-D20)/D20 -> 0.0051878757 | W21: =(D16*(1-0.01)-D20)/D20 -> -0.004864003 | X21: =(D21-D16)/D16 -> 0.00058123656 | Y21: =(SUM(D17:D20)*(0.99/4.01)-D20)/D20 -> -0.0082371572 | Z21: =(SUM(D17:D20)*(0.995/4.005)-D20)/D20 -> -0.0019838448 | AA21: =(F21-F16)/F16 -> -0.00038944138
A22: =WEEKNUM(C22,2) -> 5 | B22: =WEEKDAY(C22,2) -> 3 | C22: 39113 | D22: 1438.24 | E22: 1428.65 | F22: =AVERAGE(D18:D22) -> 1426.752 | G22: =AVERAGE(D13:D22) -> 1428.17 | H22: =(D22-D21)/D21 -> 0.0065928528 | I22: =(E22-D21)/D21 -> -0.0001189793 | J22: =H22-I22 -> 0.0067118321 | K22: =(SUM(D18:D21)/4-D21)/D21 -> -0.0034573984 | L22: =(SUM(D13:D21)/9-D21)/D21 -> -0.0012380068 | M22: =(D22-F22)/F22 -> 0.0080518548 | N22: =(D22-G22)/G22 -> 0.0070509813 | O22: =(F22-G22)/D22 -> -0.00098592724 | P22: =(D22-1418.3)/1418.3 -> 0.014059085 | T22: =(D22-D21)/D21 -> 0.0065928528 | U22: =(D22-D21)/D21 -> 0.0065928528 | V22: =(D17-D21)/D21 -> 0.0079156227 | W22: =(D17*(1-0.01)-D21)/D21 -> -0.0021635335 | X22: =(D22-D17)/D17 -> -0.0013123815 | Y22: =(SUM(D18:D21)*(0.99/4.01)-D21)/D21 -> -0.015883117 | Z22: =(SUM(D18:D21)*(0.995/4.005)-D21)/D21 -> -0.0096780139 | AA22: =(F22-F17)/F17 -> -0.0019837883
... A252: =WEEKNUM(C252,2) -> 53 | B252: =WEEKDAY(C252,2) -> 1 | C252: 39447 | D252: 1468.36 | E252: 1475.25 | F252: =AVERAGE(D248:D252) -> 1483.446 | G252: =AVERAGE(D243:D252) -> 1471.569 | H252: =(D252-D251)/D251 -> -0.0068515851 | I252: =(E252-D251)/D251 -> -0.002191425 | J252: =H252-I252 -> -0.00466016 | K252: =(SUM(D248:D251)/4-D251)/D251 -> 0.0059029821 | L252: =(SUM(D243:D251)/9-D251)/D251 -> -0.0044399654 | M252: =(D252-F252)/F252 -> -0.010169565 | N252: =(D252-G252)/G252 -> -0.0021806657 | O252: =(F252-G252)/D252 -> 0.0080886159 | P252: =(D252-1418.3)/1418.3 -> 0.035295777 | T252: =(D252-D251)/D251 -> -0.0068515851 | U252: =(D252-D251)/D251 -> -0.0068515851 | V252: =(D247-D251)/D251 -> 0.0040379035 | W252: =(D247*(1-0.01)-D251)/D251 -> -0.0060024755 | X252: =(D252-D247)/D247 -> -0.010845695 | Y252: =(SUM(D248:D251)*(0.99/4.01)-D251)/D251 -> -0.0066394491 | Z252: =(SUM(D248:D251)*(0.995/4.005)-D251)/D251 -> -0.00037606274 | AA252: =(F252-F247)/F247 -> 0.016273296
A253: =WEEKNUM(C253,2) -> 1 | B253: =WEEKDAY(C253,2) -> 3 | C253: 39449 | D253: 1447.16 | E253: 1467.97 | F253: =AVERAGE(D249:D253) -> 1473.588 | G253: =AVERAGE(D244:D253) -> 1471.695 | H253: =(D253-D252)/D252 -> -0.014437876 | I253: =(E253-D252)/D252 -> -0.00026560244 | J253: =H253-I253 -> -0.014172274 | K253: =(SUM(D249:D252)/4-D252)/D252 -> 0.0080600125 | L253: =(SUM(D244:D252)/9-D252)/D252 -> 0.00412781 | M253: =(D253-F253)/F253 -> -0.017934457 | N253: =(D253-G253)/G253 -> -0.016671253 | O253: =(F253-G253)/D253 -> 0.0013080793 | P253: =(D253-1468.36)/1468.36 -> -0.014437876 | T253: =(D253-D252)/D252 -> -0.014437876 | U253: =(D253-D252)/D252 -> -0.014437876 | V253: =(D248-D252)/D252 -> 0.019130186 | W253: =(D248*(1-0.01)-D252)/D252 -> 0.0089388842 | X253: =(D253-D248)/D248 -> -0.032937953 | Y253: =(SUM(D249:D252)*(0.99/4.01)-D252)/D252 -> -0.0045093143 | Z253: =(SUM(D249:D252)*(0.995/4.005)-D252)/D252 -> 0.0017675031 | AA253: =(F253-F248)/F248 -> 0.0025758572
A254: =WEEKNUM(C254,2) -> 1 | B254: =WEEKDAY(C254,2) -> 4 | C254: 39450 | D254: 1447.16 | E254: 1447.55 | F254: =AVERAGE(D250:D254) -> 1463.488 | G254: =AVERAGE(D245:D254) -> 1470.913 | H254: =(D254-D253)/D253 -> 0 | I254: =(E254-D253)/D253 -> 0.00026949335 | J254: =H254-I254 -> -0.00026949335 | K254: =(SUM(D250:D253)/4-D253)/D253 -> 0.014103485 | L254: =(SUM(D245:D253)/9-D253)/D253 -> 0.018237252 | M254: =(D254-F254)/F254 -> -0.011156907 | N254: =(D254-G254)/G254 -> -0.016148474 | O254: =(F254-G254)/D254 -> -0.0051307388 | P254: =(D254-1468.36)/1468.36 -> -0.014437876 | T254: =(D254-D253)/D253 -> 0 | U254: =(D254-D253)/D253 -> 0 | V254: =(D249-D253)/D253 -> 0.034895934 | W254: =(D249*(1-0.01)-D253)/D253 -> 0.024546975 | X254: =(D254-D249)/D249 -> -0.033719269 | Y254: =(SUM(D250:D253)*(0.99/4.01)-D253)/D253 -> 0.0014588036 | Z254: =(SUM(D250:D253)*(0.995/4.005)-D253)/D253 -> 0.0077732515 | AA254: =(F254-F249)/F249 -> -0.010045064
A255: =WEEKNUM(C255,2) -> 1 | B255: =WEEKDAY(C255,2) -> 5 | C255: 39451 | D255: 1411.63 | E255: 1444.01 | F255: =AVERAGE(D251:D255) -> 1450.56 | G255: =AVERAGE(D246:D255) -> 1466.776 | H255: =(D255-D254)/D254 -> -0.024551535 | I255: =(E255-D254)/D254 -> -0.0021766771 | J255: =H255-I255 -> -0.022374858 | K255: =(SUM(D251:D254)/4-D254)/D254 -> 0.0090746704 | L255: =(SUM(D246:D254)/9-D254)/D254 -> 0.017788865 | M255: =(D255-F255)/F255 -> -0.026837911 | N255: =(D255-G255)/G255 -> -0.037596743 | O255: =(F255-G255)/D255 -> -0.011487429 | P255: =(D255-1468.36)/1468.36 -> -0.03863494 | T255: =(D255-D254)/D254 -> -0.024551535 | U255: =(D255-D254)/D254 -> -0.024551535 | V255: =(D250-D254)/D254 -> 0.02011526 | W255: =(D250*(1-0.01)-D254)/D254 -> 0.0099141076 | X255: =(D255-D250)/D250 -> -0.043786028 | Y255: =(SUM(D251:D254)*(0.99/4.01)-D254)/D254 -> -0.003507308 | Z255: =(SUM(D251:D254)*(0.995/4.005)-D254)/D254 -> 0.0027758273 | AA255: =(F255-F250)/F250 -> -0.021869302
A256: =WEEKNUM(C256,2) -> 2 | B256: =WEEKDAY(C256,2) -> 1 | C256: 39454 | D256: 1416.18 | E256: 1414.07 | F256: =AVERAGE(D252:D256) -> 1438.098 | G256: =AVERAGE(D247:D256) -> 1462.382 | H256: =(D256-D255)/D255 -> 0.0032232242 | I256: =(E256-D255)/D255 -> 0.0017284983 | J256: =H256-I256 -> 0.001494726 | K256: =(SUM(D252:D255)/4-D255)/D255 -> 0.022631639 | L256: =(SUM(D247:D255)/9-D255)/D255 -> 0.039589379 | M256: =(D256-F256)/F256 -> -0.015240964 | N256: =(D256-G256)/G256 -> -0.03159366 | O256: =(F256-G256)/D256 -> -0.017147538 | P256: =(D256-1468.36)/1468.36 -> -0.035536245 | T256: =(D256-D255)/D255 -> 0.0032232242 | U256: =(D256-D255)/D255 -> 0.0032232242 | V256: =(D251-D255)/D255 -> 0.047363686 | W256: =(D251*(1-0.01)-D255)/D255 -> 0.036890049 | X256: =(D256-D251)/D251 -> -0.04214435 | Y256: =(SUM(D252:D255)*(0.99/4.01)-D255)/D255 -> 0.0098806207 | Z256: =(SUM(D252:D255)*(0.995/4.005)-D255)/D255 -> 0.01624817 | AA256: =(F256-F251)/F251 -> -0.032669073
A257: =WEEKNUM(C257,2) -> 2 | B257: =WEEKDAY(C257,2) -> 2 | C257: 39455 | D257: 1390.19 | E257: 1415.71 | F257: =AVERAGE(D253:D257) -> 1422.464 | G257: =AVERAGE(D248:D257) -> 1452.955 | H257: =(D257-D256)/D256 -> -0.018352187 | I257: =(E257-D256)/D256 -> -0.00033187872 | J257: =H257-I257 -> -0.018020308 | K257: =(SUM(D253:D256)/4-D256)/D256 -> 0.010134658 | L257: =(SUM(D248:D256)/9-D256)/D256 -> 0.030892181 | M257: =(D257-F257)/F257 -> -0.022688799 | N257: =(D257-G257)/G257 -> -0.043198172 | O257: =(F257-G257)/D257 -> -0.021932973 | P257: =(D257-1468.36)/1468.36 -> -0.053236264 | T257: =(D257-D256)/D256 -> -0.018352187 | U257: =(D257-D256)/D256 -> -0.018352187 | V257: =(D252-D256)/D256 -> 0.036845599 | W257: =(D252*(1-0.01)-D256)/D256 -> 0.026477143 | X257: =(D257-D252)/D252 -> -0.053236264 | Y257: =(SUM(D253:D256)*(0.99/4.01)-D256)/D256 -> -0.0024605372 | Z257: =(SUM(D253:D256)*(0.995/4.005)-D256)/D256 -> 0.0038291982 | AA257: =(F257-F252)/F252 -> -0.041108338
A258: =WEEKNUM(C258,2) -> 2 | B258: =WEEKDAY(C258,2) -> 3 | C258: 39456 | D258: 1409.13 | E258: 1390.25 | F258: =AVERAGE(D254:D258) -> 1414.858 | G258: =AVERAGE(D249:D258) -> 1444.223 | H258: =(D258-D257)/D257 -> 0.013624037 | I258: =(E258-D257)/D257 -> 4.3159568e-05 | J258: =H258-I258 -> 0.013580877 | K258: =(SUM(D254:D257)/4-D257)/D257 -> 0.018774412 | L258: =(SUM(D249:D257)/9-D257)/D257 -> 0.041672162 | M258: =(D258-F258)/F258 -> -0.0040484628 | N258: =(D258-G258)/G258 -> -0.024298879 | O258: =(F258-G258)/D258 -> -0.020839099 | P258: =(D258-1468.36)/1468.36 -> -0.040337519 | T258: =(D258-D257)/D257 -> 0.013624037 | U258: =(D258-D257)/D257 -> 0.013624037 | V258: =(D253-D257)/D257 -> 0.04098001 | W258: =(D253*(1-0.01)-D257)/D257 -> 0.03057021 | X258: =(D258-D253)/D253 -> -0.026279057 | Y258: =(SUM(D254:D257)*(0.99/4.01)-D257)/D257 -> 0.0060714893 | Z258: =(SUM(D254:D257)*(0.995/4.005)-D257)/D257 -> 0.012415021 | AA258: =(F258-F253)/F253 -> -0.039855102
A259: =WEEKNUM(C259,2) -> 2 | B259: =WEEKDAY(C259,2) -> 4 | C259: 39457 | D259: 1420.33 | E259: 1406.78 | F259: =AVERAGE(D255:D259) -> 1409.492 | G259: =AVERAGE(D250:D259) -> 1436.49 | H259: =(D259-D258)/D258 -> 0.0079481666 | I259: =(E259-D258)/D258 -> -0.0016676957 | J259: =H259-I259 -> 0.0096158623 | K259: =(SUM(D255:D258)/4-D258)/D258 -> -0.0016659215 | L259: =(SUM(D250:D258)/9-D258)/D258 -> 0.020690465 | M259: =(D259-F259)/F259 -> 0.0076892952 | N259: =(D259-G259)/G259 -> -0.011249643 | O259: =(F259-G259)/D259 -> -0.019008259 | P259: =(D259-1468.36)/1468.36 -> -0.032709962 | T259: =(D259-D258)/D258 -> 0.0079481666 | U259: =(D259-D258)/D258 -> 0.0079481666 | V259: =(D254-D258)/D258 -> 0.026988284 | W259: =(D254*(1-0.01)-D258)/D258 -> 0.016718401 | X259: =(D259-D254)/D254 -> -0.018539761 | Y259: =(SUM(D255:D258)*(0.99/4.01)-D258)/D258 -> -0.014113977 | Z259: =(SUM(D255:D258)*(0.995/4.005)-D258)/D258 -> -0.0078977198 | AA259: =(F259-F254)/F254 -> -0.036895417
A260: =WEEKNUM(C260,2) -> 2 | B260: =WEEKDAY(C260,2) -> 5 | C260: 39458 | D260: 1401.02 | E260: 1419.91 | F260: =AVERAGE(D256:D260) -> 1407.37 | G260: =AVERAGE(D251:D260) -> 1428.965 | H260: =(D260-D259)/D259 -> -0.013595432 | I260: =(E260-D259)/D259 -> -0.00029570593 | J260: =H260-I260 -> -0.013299726 | K260: =(SUM(D256:D259)/4-D259)/D259 -> -0.008006942 | L260: =(SUM(D251:D259)/9-D259)/D259 -> 0.0082656847 | M260: =(D260-F260)/F260 -> -0.004511962 | N260: =(D260-G260)/G260 -> -0.019556112 | O260: =(F260-G260)/D260 -> -0.01541377 | P260: =(D260-1468.36)/1468.36 -> -0.045860688 | T260: =(D260-D259)/D259 -> -0.013595432 | U260: =(D260-D259)/D259 -> -0.013595432 | V260: =(D255-D259)/D259 -> -0.0061253371 | W260: =(D255*(1-0.01)-D259)/D259 -> -0.016064084 | X260: =(D260-D255)/D255 -> -0.0075161338 | Y260: =(SUM(D256:D259)*(0.99/4.01)-D259)/D259 -> -0.020375933 | Z260: =(SUM(D256:D259)*(0.995/4.005)-D259)/D259 -> -0.014199158 | AA260: =(F260-F255)/F255 -> -0.029774708
A261: =WEEKNUM(C261,2) -> 3 | B261: =WEEKDAY(C261,2) -> 1 | C261: 39461 | D261: 1416.25 | E261: 1402.91 | F261: =AVERAGE(D257:D261) -> 1407.384 | G261: =AVERAGE(D252:D261) -> 1422.741 | H261: =(D261-D260)/D260 -> 0.010870651 | I261: =(E261-D260)/D260 -> 0.0013490171 | J261: =H261-I261 -> 0.0095216342 | K261: =(SUM(D257:D260)/4-D260)/D260 -> 0.0029603432 | L261: =(SUM(D252:D260)/9-D260)/D260 -> 0.016018488 | M261: =(D261-F261)/F261 -> 0.0062996311 | N261: =(D261-G261)/G261 -> -0.0045623202 | O261: =(F261-G261)/D261 -> -0.010843425 | P261: =(D261-1468.36)/1468.36 -> -0.035488572 | T261: =(D261-D260)/D260 -> 0.010870651 | U261: =(D261-D260)/D260 -> 0.010870651 | V261: =(D256-D260)/D260 -> 0.010820688 | W261: =(D256*(1-0.01)-D260)/D260 -> 0.00071248091 | X261: =(D261-D256)/D256 -> 4.9428745e-05 | Y261: =(SUM(D257:D260)*(0.99/4.01)-D260)/D260 -> -0.0095453968 | Z261: =(SUM(D257:D260)*(0.995/4.005)-D260)/D260 -> -0.0033003331 | AA261: =(F261-F256)/F256 -> -0.021357376
A262: =WEEKNUM(C262,2) -> 3 | B262: =WEEKDAY(C262,2) -> 2 | C262: 39462 | D262: 1380.95 | E262: 1411.88 | F262: =AVERAGE(D258:D262) -> 1405.536 | G262: =AVERAGE(D253:D262) -> 1414 | H262: =(D262-D261)/D261 -> -0.024924978 | I262: =(E262-D261)/D261 -> -0.0030856134 | J262: =H262-I262 -> -0.021839365 | K262: =(SUM(D258:D261)/4-D261)/D261 -> -0.0032250662 | L262: =(SUM(D253:D261)/9-D261)/D261 -> 0.0010042169 | M262: =(D262-F262)/F262 -> -0.017492259 | N262: =(D262-G262)/G262 -> -0.023373409 | O262: =(F262-G262)/D262 -> -0.006129114 | P262: =(D262-1468.36)/1468.36 -> -0.059528998 | T262: =(D262-D261)/D261 -> -0.024924978 | U262: =(D262-D261)/D261 -> -0.024924978 | V262: =(D257-D261)/D261 -> -0.018400706 | W262: =(D257*(1-0.01)-D261)/D261 -> -0.028216699 | X262: =(D262-D257)/D257 -> -0.0066465735 | Y262: =(SUM(D258:D261)*(0.99/4.01)-D261)/D261 -> -0.015653681 | Z262: =(SUM(D258:D261)*(0.995/4.005)-D261)/D261 -> -0.009447132 | AA262: =(F262-F257)/F257 -> -0.011900477
A263: =WEEKNUM(C263,2) -> 3 | B263: =WEEKDAY(C263,2) -> 3 | C263: 39463 | D263: 1373.2 | E263: 1377.41 | F263: =AVERAGE(D259:D263) -> 1398.35 | G263: =AVERAGE(D254:D263) -> 1406.604 | H263: =(D263-D262)/D262 -> -0.0056120786 | I263: =(E263-D262)/D262 -> -0.0025634527 | J263: =H263-I263 -> -0.0030486259 | K263: =(SUM(D259:D262)/4-D262)/D262 -> 0.017153047 | L263: =(SUM(D254:D262)/9-D262)/D262 -> 0.021264749 | M263: =(D263-F263)/F263 -> -0.017985483 | N263: =(D263-G263)/G263 -> -0.023747977 | O263: =(F263-G263)/D263 -> -0.0060107777 | P263: =(D263-1468.36)/1468.36 -> -0.064806996 | T263: =(D263-D262)/D262 -> -0.0056120786 | U263: =(D263-D262)/D262 -> -0.0056120786 | V263: =(D258-D262)/D262 -> 0.020406242 | W263: =(D258*(1-0.01)-D262)/D262 -> 0.01020218 | X263: =(D263-D258)/D258 -> -0.025498002 | Y263: =(SUM(D259:D262)*(0.99/4.01)-D262)/D262 -> 0.0044703405 | Z263: =(SUM(D259:D262)*(0.995/4.005)-D262)/D262 -> 0.010803777 | AA263: =(F263-F258)/F258 -> -0.011667602
A264: =WEEKNUM(C264,2) -> 3 | B264: =WEEKDAY(C264,2) -> 4 | C264: 39464 | D264: 1333.25 | E264: 1374.79 | F264: =AVERAGE(D260:D264) -> 1380.934 | G264: =AVERAGE(D255:D264) -> 1395.213 | H264: =(D264-D263)/D263 -> -0.02909263 | I264: =(E264-D263)/D263 -> 0.0011578794 | J264: =H264-I264 -> -0.03025051 | K264: =(SUM(D260:D263)/4-D263)/D263 -> 0.014313283 | L264: =(SUM(D255:D263)/9-D263)/D263 -> 0.021044114 | M264: =(D264-F264)/F264 -> -0.034530253 | N264: =(D264-G264)/G264 -> -0.04441114 | O264: =(F264-G264)/D264 -> -0.010709919 | P264: =(D264-1468.36)/1468.36 -> -0.09201422 | T264: =(D264-D263)/D263 -> -0.02909263 | U264: =(D264-D263)/D263 -> -0.02909263 | V264: =(D259-D263)/D263 -> 0.034321293 | W264: =(D259*(1-0.01)-D263)/D263 -> 0.02397808 | X264: =(D264-D259)/D259 -> -0.061309696 | Y264: =(SUM(D260:D263)*(0.99/4.01)-D263)/D263 -> 0.0016659851 | Z264: =(SUM(D260:D263)*(0.995/4.005)-D263)/D263 -> 0.0079817393 | AA264: =(F264-F259)/F259 -> -0.0202612
... A505: =WEEKNUM(C505,2) -> 53 | B505: =WEEKDAY(C505,2) -> 3 | C505: 39813 | D505: 903.25 | E505: 890.59 | F505: =AVERAGE(D501:D505) -> 880.852 | G505: =AVERAGE(D496:D505) -> 881.663 | H505: =(D505-D504)/D504 -> 0.014158358 | I505: =(E505-D504)/D504 -> -5.6139405e-05 | J505: =H505-I505 -> 0.014214497 | K505: =(SUM(D501:D504)/4-D504)/D504 -> -0.017276902 | L505: =(SUM(D496:D504)/9-D504)/D504 -> -0.012772338 | M505: =(D505-F505)/F505 -> 0.025427654 | N505: =(D505-G505)/G505 -> 0.024484412 | O505: =(F505-G505)/D505 -> -0.00089786881 | P505: =(D505-1468.36)/1468.36 -> -0.38485794 | T505: =(D505-D504)/D504 -> 0.014158358 | U505: =(D505-D504)/D504 -> 0.014158358 | V505: =(D500-D504)/D504 -> -0.030854217 | W505: =(D500*(1-0.01)-D504)/D504 -> -0.040545675 | X505: =(D505-D500)/D500 -> 0.046445618 | Y505: =(SUM(D501:D504)*(0.99/4.01)-D504)/D504 -> -0.029530307 | Z505: =(SUM(D501:D504)*(0.995/4.005)-D504)/D504 -> -0.023411253 | AA505: =(F505-F500)/F500 -> -0.0018380145
A506: =WEEKNUM(C506,2) -> 1 | B506: =WEEKDAY(C506,2) -> 5 | C506: 39815 | D506: 931.8 | E506: 902.99 | F506: =AVERAGE(D502:D506) -> 893.582 | G506: =AVERAGE(D497:D506) -> 884.401 | H506: =(D506-D505)/D505 -> 0.031608082 | I506: =(E506-D505)/D505 -> -0.00028784943 | J506: =H506-I506 -> 0.031895931 | K506: =(SUM(D502:D505)/4-D505)/D505 -> -0.021281484 | L506: =(SUM(D497:D505)/9-D505)/D505 -> -0.02669865 | M506: =(D506-F506)/F506 -> 0.042769438 | N506: =(D506-G506)/G506 -> 0.053594467 | O506: =(F506-G506)/D506 -> 0.0098529727 | P506: =(D506-903.25)/903.25 -> 0.031608082 | T506: =(D506-D505)/D505 -> 0.031608082 | U506: =(D506-D505)/D505 -> 0.031608082 | V506: =(D501-D505)/D505 -> -0.038859673 | W506: =(D501*(1-0.01)-D505)/D505 -> -0.048471077 | X506: =(D506-D501)/D501 -> 0.073316823 | Y506: =(SUM(D502:D505)*(0.99/4.01)-D505)/D505 -> -0.033484956 | Z506: =(SUM(D502:D505)*(0.995/4.005)-D505)/D505 -> -0.027390838 | AA506: =(F506-F501)/F501 -> 0.020979868
A507: =WEEKNUM(C507,2) -> 2 | B507: =WEEKDAY(C507,2) -> 1 | C507: 39818 | D507: 927.45 | E507: 929.17 | F507: =AVERAGE(D503:D507) -> 904.512 | G507: =AVERAGE(D498:D507) -> 888.618 | H507: =(D507-D506)/D506 -> -0.0046683838 | I507: =(E507-D506)/D506 -> -0.0028224941 | J507: =H507-I507 -> -0.0018458897 | K507: =(SUM(D503:D506)/4-D506)/D506 -> -0.035439472 | L507: =(SUM(D498:D506)/9-D506)/D506 -> -0.050973027 | M507: =(D507-F507)/F507 -> 0.025359531 | N507: =(D507-G507)/G507 -> 0.043699317 | O507: =(F507-G507)/D507 -> 0.017137312 | P507: =(D507-903.25)/903.25 -> 0.026792139 | T507: =(D507-D506)/D506 -> -0.0046683838 | U507: =(D507-D506)/D506 -> -0.0046683838 | V507: =(D502-D506)/D506 -> -0.063318309 | W507: =(D502*(1-0.01)-D506)/D506 -> -0.072685126 | X507: =(D507-D502)/D502 -> 0.062614574 | Y507: =(SUM(D503:D506)*(0.99/4.01)-D506)/D506 -> -0.047466411 | Z507: =(SUM(D503:D506)*(0.995/4.005)-D506)/D506 -> -0.041460449 | AA507: =(F507-F502)/F502 -> 0.036423887
A508: =WEEKNUM(C508,2) -> 2 | B508: =WEEKDAY(C508,2) -> 2 | C508: 39819 | D508: 934.7 | E508: 931.17 | F508: =AVERAGE(D504:D508) -> 917.568 | G508: =AVERAGE(D499:D508) -> 893.3 | H508: =(D508-D507)/D507 -> 0.007817133 | I508: =(E508-D507)/D507 -> 0.0040109979 | J508: =H508-I508 -> 0.0038061351 | K508: =(SUM(D504:D507)/4-D507)/D507 -> -0.015273061 | L508: =(SUM(D499:D507)/9-D507)/D507 -> -0.041781228 | M508: =(D508-F508)/F508 -> 0.018671096 | N508: =(D508-G508)/G508 -> 0.046345013 | O508: =(F508-G508)/D508 -> 0.025963411 | P508: =(D508-903.25)/903.25 -> 0.03481871 | T508: =(D508-D507)/D507 -> 0.007817133 | U508: =(D508-D507)/D507 -> 0.007817133 | V508: =(D503-D507)/D507 -> -0.062569411 | W508: =(D503*(1-0.01)-D507)/D507 -> -0.071943717 | X508: =(D508-D503)/D503 -> 0.075084539 | Y508: =(SUM(D504:D507)*(0.99/4.01)-D507)/D507 -> -0.027551451 | Z508: =(SUM(D504:D507)*(0.995/4.005)-D507)/D507 -> -0.02141992 | AA508: =(F508-F503)/F503 -> 0.055850648
A509: =WEEKNUM(C509,2) -> 2 | B509: =WEEKDAY(C509,2) -> 3 | C509: 39820 | D509: 906.65 | E509: 927.45 | F509: =AVERAGE(D505:D509) -> 920.77 | G509: =AVERAGE(D500:D509) -> 896.802 | H509: =(D509-D508)/D508 -> -0.030009629 | I509: =(E509-D508)/D508 -> -0.0077564994 | J509: =H509-I509 -> -0.022253129 | K509: =(SUM(D505:D508)/4-D508)/D508 -> -0.011126565 | L509: =(SUM(D500:D508)/9-D508)/D508 -> -0.041716296 | M509: =(D509-F509)/F509 -> -0.015334991 | N509: =(D509-G509)/G509 -> 0.010981242 | O509: =(F509-G509)/D509 -> 0.02643578 | P509: =(D509-903.25)/903.25 -> 0.0037641849 | T509: =(D509-D508)/D508 -> -0.030009629 | U509: =(D509-D508)/D508 -> -0.030009629 | V509: =(D504-D508)/D508 -> -0.047138119 | W509: =(D504*(1-0.01)-D508)/D508 -> -0.056666738 | X509: =(D509-D504)/D504 -> 0.017975838 | Y509: =(SUM(D505:D508)*(0.99/4.01)-D508)/D508 -> -0.023456657 | Z509: =(SUM(D505:D508)*(0.995/4.005)-D508)/D508 -> -0.017299308 | AA509: =(F509-F504)/F504 -> 0.05491995
A510: =WEEKNUM(C510,2) -> 2 | B510: =WEEKDAY(C510,2) -> 4 | C510: 39821 | D510: 909.73 | E510: 905.73 | F510: =AVERAGE(D506:D510) -> 922.066 | G510: =AVERAGE(D501:D510) -> 901.459 | H510: =(D510-D509)/D509 -> 0.0033971213 | I510: =(E510-D509)/D509 -> -0.0010147245 | J510: =H510-I510 -> 0.0044118458 | K510: =(SUM(D506:D509)/4-D509)/D509 -> 0.020404787 | L510: =(SUM(D501:D509)/9-D509)/D509 -> -0.0067390945 | M510: =(D510-F510)/F510 -> -0.013378652 | N510: =(D510-G510)/G510 -> 0.0091751261 | O510: =(F510-G510)/D510 -> 0.022651776 | P510: =(D510-903.25)/903.25 -> 0.0071740936 | T510: =(D510-D509)/D509 -> 0.0033971213 | U510: =(D510-D509)/D509 -> 0.0033971213 | V510: =(D505-D509)/D509 -> -0.0037500689 | W510: =(D505*(1-0.01)-D509)/D509 -> -0.013712568 | X510: =(D510-D505)/D505 -> 0.0071740936 | Y510: =(SUM(D506:D509)*(0.99/4.01)-D509)/D509 -> 0.0076815351 | Z510: =(SUM(D506:D509)*(0.995/4.005)-D509)/D509 -> 0.014035219 | AA510: =(F510-F505)/F505 -> 0.046788791
A511: =WEEKNUM(C511,2) -> 2 | B511: =WEEKDAY(C511,2) -> 5 | C511: 39822 | D511: 890.35 | E511: 909.91 | F511: =AVERAGE(D507:D511) -> 913.776 | G511: =AVERAGE(D502:D511) -> 903.679 | H511: =(D511-D510)/D510 -> -0.021303024 | I511: =(E511-D510)/D510 -> 0.0001978609 | J511: =H511-I511 -> -0.021500885 | K511: =(SUM(D507:D510)/4-D510)/D510 -> 0.010885098 | L511: =(SUM(D502:D510)/9-D510)/D510 -> -0.0050234685 | M511: =(D511-F511)/F511 -> -0.02563648 | N511: =(D511-G511)/G511 -> -0.014749706 | O511: =(F511-G511)/D511 -> 0.011340484 | P511: =(D511-903.25)/903.25 -> -0.01428176 | T511: =(D511-D510)/D510 -> -0.021303024 | U511: =(D511-D510)/D510 -> -0.021303024 | V511: =(D506-D510)/D510 -> 0.024259945 | W511: =(D506*(1-0.01)-D510)/D510 -> 0.014017346 | X511: =(D511-D506)/D506 -> -0.044483795 | Y511: =(SUM(D507:D510)*(0.99/4.01)-D510)/D510 -> -0.0017194546 | Z511: =(SUM(D507:D510)*(0.995/4.005)-D510)/D510 -> 0.0045749536 | AA511: =(F511-F506)/F506 -> 0.022598933
A512: =WEEKNUM(C512,2) -> 3 | B512: =WEEKDAY(C512,2) -> 1 | C512: 39825 | D512: 870.26 | E512: 890.4 | F512: =AVERAGE(D508:D512) -> 902.338 | G512: =AVERAGE(D503:D512) -> 903.425 | H512: =(D512-D511)/D511 -> -0.02256416 | I512: =(E512-D511)/D511 -> 5.6157691e-05 | J512: =H512-I512 -> -0.022620318 | K512: =(SUM(D508:D511)/4-D511)/D511 -> 0.0224715 | L512: =(SUM(D503:D511)/9-D511)/D511 -> 0.018824058 | M512: =(D512-F512)/F512 -> -0.035549872 | N512: =(D512-G512)/G512 -> -0.036710297 | O512: =(F512-G512)/D512 -> -0.001249052 | P512: =(D512-903.25)/903.25 -> -0.036523665 | T512: =(D512-D511)/D511 -> -0.02256416 | U512: =(D512-D511)/D511 -> -0.02256416 | V512: =(D507-D511)/D511 -> 0.041669007 | W512: =(D507*(1-0.01)-D511)/D511 -> 0.031252317 | X512: =(D512-D507)/D507 -> -0.061663702 | Y512: =(SUM(D508:D511)*(0.99/4.01)-D511)/D511 -> 0.0097224788 | Z512: =(SUM(D508:D511)*(0.995/4.005)-D511)/D511 -> 0.016089031 | AA512: =(F512-F507)/F507 -> -0.002403506
A513: =WEEKNUM(C513,2) -> 3 | B513: =WEEKDAY(C513,2) -> 2 | C513: 39826 | D513: 871.79 | E513: 869.79 | F513: =AVERAGE(D509:D513) -> 889.756 | G513: =AVERAGE(D504:D513) -> 903.662 | H513: =(D513-D512)/D512 -> 0.0017580953 | I513: =(E513-D512)/D512 -> -0.00054006849 | J513: =H513-I513 -> 0.0022981638 | K513: =(SUM(D509:D512)/4-D512)/D512 -> 0.027563602 | L513: =(SUM(D504:D512)/9-D512)/D512 -> 0.042450915 | M513: =(D513-F513)/F513 -> -0.020192053 | N513: =(D513-G513)/G513 -> -0.035269824 | O513: =(F513-G513)/D513 -> -0.015951089 | P513: =(D513-903.25)/903.25 -> -0.034829781 | T513: =(D513-D512)/D512 -> 0.0017580953 | U513: =(D513-D512)/D512 -> 0.0017580953 | V513: =(D508-D512)/D512 -> 0.074046837 | W513: =(D508*(1-0.01)-D512)/D512 -> 0.063306368 | X513: =(D513-D508)/D508 -> -0.067305018 | Y513: =(SUM(D509:D512)*(0.99/4.01)-D512)/D512 -> 0.014751088 | Z513: =(SUM(D509:D512)*(0.995/4.005)-D512)/D512 -> 0.021149347 | AA513: =(F513-F508)/F508 -> -0.03031056
A514: =WEEKNUM(C514,2) -> 3 | B514: =WEEKDAY(C514,2) -> 3 | C514: 39827 | D514: 842.62 | E514: 867.28 | F514: =AVERAGE(D510:D514) -> 876.95 | G514: =AVERAGE(D505:D514) -> 898.86 | H514: =(D514-D513)/D513 -> -0.033459893 | I514: =(E514-D513)/D513 -> -0.0051732642 | J514: =H514-I514 -> -0.028286629 | K514: =(SUM(D510:D513)/4-D513)/D513 -> 0.015763544 | L514: =(SUM(D505:D513)/9-D513)/D513 -> 0.038218939 | M514: =(D514-F514)/F514 -> -0.039147044 | N514: =(D514-G514)/G514 -> -0.062568142 | O514: =(F514-G514)/D514 -> -0.026002231 | P514: =(D514-903.25)/903.25 -> -0.067124273 | T514: =(D514-D513)/D513 -> -0.033459893 | U514: =(D514-D513)/D513 -> -0.033459893 | V514: =(D509-D513)/D513 -> 0.039986694 | W514: =(D509*(1-0.01)-D513)/D513 -> 0.029586827 | X514: =(D514-D509)/D509 -> -0.070622622 | Y514: =(SUM(D510:D513)*(0.99/4.01)-D513)/D513 -> 0.0030981631 | Z514: =(SUM(D510:D513)*(0.995/4.005)-D513)/D513 -> 0.0094229476 | AA514: =(F514-F509)/F509 -> -0.047590604
A515: =WEEKNUM(C515,2) -> 3 | B515: =WEEKDAY(C515,2) -> 4 | C515: 39828 | D515: 843.74 | E515: 841.99 | F515: =AVERAGE(D511:D515) -> 863.752 | G515: =AVERAGE(D506:D515) -> 892.909 | H515: =(D515-D514)/D514 -> 0.0013291875 | I515: =(E515-D514)/D514 -> -0.00074766799 | J515: =H515-I515 -> 0.0020768555 | K515: =(SUM(D511:D514)/4-D514)/D514 -> 0.031016354 | L515: =(SUM(D506:D514)/9-D514)/D514 -> 0.06616532 | M515: =(D515-F515)/F515 -> -0.023168687 | N515: =(D515-G515)/G515 -> -0.055066082 | O515: =(F515-G515)/D515 -> -0.034556854 | P515: =(D515-903.25)/903.25 -> -0.065884307 | T515: =(D515-D514)/D514 -> 0.0013291875 | U515: =(D515-D514)/D514 -> 0.0013291875 | V515: =(D510-D514)/D514 -> 0.079644442 | W515: =(D510*(1-0.01)-D514)/D514 -> 0.068847998 | X515: =(D515-D510)/D510 -> -0.072538006 | Y515: =(SUM(D511:D514)*(0.99/4.01)-D514)/D514 -> 0.018160788 | Z515: =(SUM(D511:D514)*(0.995/4.005)-D514)/D514 -> 0.024580546 | AA515: =(F515-F510)/F510 -> -0.063242761
A516: =WEEKNUM(C516,2) -> 3 | B516: =WEEKDAY(C516,2) -> 5 | C516: 39829 | D516: 850.12 | E516: 844.45 | F516: =AVERAGE(D512:D516) -> 855.706 | G516: =AVERAGE(D507:D516) -> 884.741 | H516: =(D516-D515)/D515 -> 0.0075615711 | I516: =(E516-D515)/D515 -> 0.00084149145 | J516: =H516-I516 -> 0.0067200796 | K516: =(SUM(D512:D515)/4-D515)/D515 -> 0.015837225 | L516: =(SUM(D507:D515)/9-D515)/D515 -> 0.053153552 | M516: =(D516-F516)/F516 -> -0.006527943 | N516: =(D516-G516)/G516 -> -0.039131226 | O516: =(F516-G516)/D516 -> -0.034154002 | P516: =(D516-903.25)/903.25 -> -0.058820924 | T516: =(D516-D515)/D515 -> 0.0075615711 | U516: =(D516-D515)/D515 -> 0.0075615711 | V516: =(D511-D515)/D515 -> 0.055242136 | W516: =(D511*(1-0.01)-D515)/D515 -> 0.044689715 | X516: =(D516-D511)/D511 -> -0.045184478 | Y516: =(SUM(D512:D515)*(0.99/4.01)-D515)/D515 -> 0.0031709252 | Z516: =(SUM(D512:D515)*(0.995/4.005)-D515)/D515 -> 0.0094961684 | AA516: =(F516-F511)/F511 -> -0.063549491
A517: =WEEKNUM(C517,2) -> 4 | B517: =WEEKDAY(C517,2) -> 2 | C517: 39833 | D517: 805.22 | E517: 849.64 | F517: =AVERAGE(D513:D517) -> 842.698 | G517: =AVERAGE(D508:D517) -> 872.518 | H517: =(D517-D516)/D516 -> -0.052816073 | I517: =(E517-D516)/D516 -> -0.00056462617 | J517: =H517-I517 -> -0.052251447 | K517: =(SUM(D513:D516)/4-D516)/D516 -> 0.0022908531 | L517: =(SUM(D508:D516)/9-D516)/D516 -> 0.035142751 | M517: =(D517-F517)/F517 -> -0.044473821 | N517: =(D517-G517)/G517 -> -0.077130787 | O517: =(F517-G517)/D517 -> -0.037033357 | P517: =(D517-903.25)/903.25 -> -0.10853031 | T517: =(D517-D516)/D516 -> -0.052816073 | U517: =(D517-D516)/D516 -> -0.052816073 | V517: =(D512-D516)/D516 -> 0.023690773 | W517: =(D512*(1-0.01)-D516)/D516 -> 0.013453865 | X517: =(D517-D512)/D512 -> -0.074736286 | Y517: =(SUM(D513:D516)*(0.99/4.01)-D516)/D516 -> -0.010206539 | Z517: =(SUM(D513:D516)*(0.995/4.005)-D516)/D516 -> -0.0039656442 | AA517: =(F517-F512)/F512 -> -0.066094967
... A757: =WEEKNUM(C757,2) -> 53 | B757: =WEEKDAY(C757,2) -> 4 | C757: 40178 | D757: 1115.1 | E757: 1126.6 | F757: =AVERAGE(D753:D757) -> 1124.396 | G757: =AVERAGE(D748:D757) -> 1117.319 | H757: =(D757-D756)/D756 -> -0.010049537 | I757: =(E757-D756)/D756 -> 0.0001597983 | J757: =H757-I757 -> -0.010209336 | K757: =(SUM(D753:D756)/4-D756)/D756 -> 0.0002663305 | L757: =(SUM(D748:D756)/9-D756)/D756 -> -0.0078606953 | M757: =(D757-F757)/F757 -> -0.0082675499 | N757: =(D757-G757)/G757 -> -0.001986004 | O757: =(F757-G757)/D757 -> 0.006346516 | P757: =(D757-903.25)/903.25 -> 0.23454193 | T757: =(D757-D756)/D756 -> -0.010049537 | U757: =(D757-D756)/D756 -> -0.010049537 | V757: =(D752-D756)/D756 -> -0.0051756894 | W757: =(D752*(1-0.01)-D756)/D756 -> -0.015123932 | X757: =(D757-D752)/D752 -> -0.0048992049 | Y757: =(SUM(D753:D756)*(0.99/4.01)-D756)/D756 -> -0.012205818 | Z757: =(SUM(D753:D756)*(0.995/4.005)-D756)/D756 -> -0.0059775292 | AA757: =(F757-F752)/F752 -> 0.012748572
A758: =WEEKNUM(C758,2) -> 2 | B758: =WEEKDAY(C758,2) -> 1 | C758: 40182 | D758: 1132.99 | E758: 1116.56 | F758: =AVERAGE(D754:D758) -> 1125.698 | G758: =AVERAGE(D749:D758) -> 1121.01 | H758: =(D758-D757)/D757 -> 0.016043404 | I758: =(E758-D757)/D757 -> 0.0013092996 | J758: =H758-I758 -> 0.014734105 | K758: =(SUM(D754:D757)/4-D757)/D757 -> 0.0078692494 | L758: =(SUM(D749:D757)/9-D757)/D757 -> 0.0041062585 | M758: =(D758-F758)/F758 -> 0.0064777587 | N758: =(D758-G758)/G758 -> 0.010686791 | O758: =(F758-G758)/D758 -> 0.0041377241 | P758: =(D758-1115.1)/1115.1 -> 0.016043404 | T758: =(D758-D757)/D757 -> 0.016043404 | U758: =(D758-D757)/D757 -> 0.016043404 | V758: =(D753-D757)/D757 -> 0.010205363 | W758: =(D753*(1-0.01)-D757)/D757 -> 0.00010330912 | X758: =(D758-D753)/D753 -> 0.005779064 | Y758: =(SUM(D754:D757)*(0.99/4.01)-D757)/D757 -> -0.0046976989 | Z758: =(SUM(D754:D757)*(0.995/4.005)-D757)/D757 -> 0.0015779307 | AA758: =(F758-F753)/F753 -> 0.0083990103
A759: =WEEKNUM(C759,2) -> 2 | B759: =WEEKDAY(C759,2) -> 2 | C759: 40183 | D759: 1136.52 | E759: 1132.66 | F759: =AVERAGE(D755:D759) -> 1127.446 | G759: =AVERAGE(D750:D759) -> 1124.415 | H759: =(D759-D758)/D758 -> 0.0031156497 | I759: =(E759-D758)/D758 -> -0.00029126471 | J759: =H759-I759 -> 0.0034069144 | K759: =(SUM(D755:D758)/4-D758)/D758 -> -0.0068954713 | L759: =(SUM(D750:D758)/9-D758)/D758 -> -0.0087555936 | M759: =(D759-F759)/F759 -> 0.008048279 | N759: =(D759-G759)/G759 -> 0.010765598 | O759: =(F759-G759)/D759 -> 0.002666913 | P759: =(D759-1115.1)/1115.1 -> 0.01920904 | T759: =(D759-D758)/D758 -> 0.0031156497 | U759: =(D759-D758)/D758 -> 0.0031156497 | V759: =(D754-D758)/D758 -> -0.0045984519 | W759: =(D754*(1-0.01)-D758)/D758 -> -0.014552467 | X759: =(D759-D754)/D754 -> 0.0077497384 | Y759: =(SUM(D755:D758)*(0.99/4.01)-D758)/D758 -> -0.019278321 | Z759: =(SUM(D755:D758)*(0.995/4.005)-D758)/D758 -> -0.013094626 | AA759: =(F759-F754)/F754 -> 0.00540582
A760: =WEEKNUM(C760,2) -> 2 | B760: =WEEKDAY(C760,2) -> 3 | C760: 40184 | D760: 1137.14 | E760: 1135.71 | F760: =AVERAGE(D756:D760) -> 1129.634 | G760: =AVERAGE(D751:D760) -> 1126.724 | H760: =(D760-D759)/D759 -> 0.00054552494 | I760: =(E760-D759)/D759 -> -0.00071270193 | J760: =H760-I760 -> 0.0012582269 | K760: =(SUM(D756:D759)/4-D759)/D759 -> -0.0077099391 | L760: =(SUM(D751:D759)/9-D759)/D759 -> -0.0096376072 | M760: =(D760-F760)/F760 -> 0.00664463 | N760: =(D760-G760)/G760 -> 0.0092445 | O760: =(F760-G760)/D760 -> 0.0025590517 | P760: =(D760-1115.1)/1115.1 -> 0.019765043 | T760: =(D760-D759)/D759 -> 0.00054552494 | U760: =(D760-D759)/D759 -> 0.00054552494 | V760: =(D755-D759)/D759 -> -0.0090803505 | W760: =(D755*(1-0.01)-D759)/D759 -> -0.018989547 | X760: =(D760-D755)/D755 -> 0.0097140828 | Y760: =(SUM(D756:D759)*(0.99/4.01)-D759)/D759 -> -0.020082633 | Z760: =(SUM(D756:D759)*(0.995/4.005)-D759)/D759 -> -0.013904009 | AA760: =(F760-F755)/F755 -> 0.0051787929
A761: =WEEKNUM(C761,2) -> 2 | B761: =WEEKDAY(C761,2) -> 4 | C761: 40185 | D761: 1141.69 | E761: 1136.27 | F761: =AVERAGE(D757:D761) -> 1132.688 | G761: =AVERAGE(D752:D761) -> 1129.091 | H761: =(D761-D760)/D760 -> 0.0040012663 | I761: =(E761-D760)/D760 -> -0.0007650773 | J761: =H761-I761 -> 0.0047663436 | K761: =(SUM(D757:D760)/4-D760)/D760 -> -0.0058941731 | L761: =(SUM(D752:D760)/9-D760)/D760 -> -0.0083093453 | M761: =(D761-F761)/F761 -> 0.0079474666 | N761: =(D761-G761)/G761 -> 0.011158534 | O761: =(F761-G761)/D761 -> 0.0031505925 | P761: =(D761-1115.1)/1115.1 -> 0.023845395 | T761: =(D761-D760)/D760 -> 0.0040012663 | U761: =(D761-D760)/D760 -> 0.0040012663 | V761: =(D756-D760)/D760 -> -0.0094271594 | W761: =(D756*(1-0.01)-D760)/D760 -> -0.019332888 | X761: =(D761-D756)/D756 -> 0.013556222 | Y761: =(SUM(D757:D760)*(0.99/4.01)-D760)/D760 -> -0.018289508 | Z761: =(SUM(D757:D760)*(0.995/4.005)-D760)/D760 -> -0.012099578 | AA761: =(F761-F756)/F756 -> 0.0063918599
A762: =WEEKNUM(C762,2) -> 2 | B762: =WEEKDAY(C762,2) -> 5 | C762: 40186 | D762: 1144.98 | E762: 1140.52 | F762: =AVERAGE(D758:D762) -> 1138.664 | G762: =AVERAGE(D753:D762) -> 1131.53 | H762: =(D762-D761)/D761 -> 0.0028816929 | I762: =(E762-D761)/D761 -> -0.0010247966 | J762: =H762-I762 -> 0.0039064895 | K762: =(SUM(D758:D761)/4-D761)/D761 -> -0.0040334942 | L762: =(SUM(D753:D761)/9-D761)/D761 -> -0.010208064 | M762: =(D762-F762)/F762 -> 0.0055468514 | N762: =(D762-G762)/G762 -> 0.011886561 | O762: =(F762-G762)/D762 -> 0.0062306765 | P762: =(D762-1115.1)/1115.1 -> 0.026795803 | T762: =(D762-D761)/D761 -> 0.0028816929 | U762: =(D762-D761)/D761 -> 0.0028816929 | V762: =(D757-D761)/D761 -> -0.023290035 | W762: =(D757*(1-0.01)-D761)/D761 -> -0.033057135 | X762: =(D762-D757)/D757 -> 0.026795803 | Y762: =(SUM(D758:D761)*(0.99/4.01)-D761)/D761 -> -0.016452029 | Z762: =(SUM(D758:D761)*(0.995/4.005)-D761)/D761 -> -0.010250514 | AA762: =(F762-F757)/F757 -> 0.01268948
A763: =WEEKNUM(C763,2) -> 3 | B763: =WEEKDAY(C763,2) -> 1 | C763: 40189 | D763: 1146.98 | E763: 1145.96 | F763: =AVERAGE(D759:D763) -> 1141.462 | G763: =AVERAGE(D754:D763) -> 1133.58 | H763: =(D763-D762)/D762 -> 0.0017467554 | I763: =(E763-D762)/D762 -> 0.00085591015 | J763: =H763-I763 -> 0.00089084525 | K763: =(SUM(D759:D762)/4-D762)/D762 -> -0.0042773673 | L763: =(SUM(D754:D762)/9-D762)/D762 -> -0.011256868 | M763: =(D763-F763)/F763 -> 0.0048341513 | N763: =(D763-G763)/G763 -> 0.011820957 | O763: =(F763-G763)/D763 -> 0.0068719594 | P763: =(D763-1115.1)/1115.1 -> 0.028589364 | T763: =(D763-D762)/D762 -> 0.0017467554 | U763: =(D763-D762)/D762 -> 0.0017467554 | V763: =(D758-D762)/D762 -> -0.010471799 | W763: =(D758*(1-0.01)-D762)/D762 -> -0.020367081 | X763: =(D763-D758)/D758 -> 0.012347858 | Y763: =(SUM(D759:D762)*(0.99/4.01)-D762)/D762 -> -0.016692861 | Z763: =(SUM(D759:D762)*(0.995/4.005)-D762)/D762 -> -0.010492864 | AA763: =(F763-F758)/F758 -> 0.014003756
A764: =WEEKNUM(C764,2) -> 3 | B764: =WEEKDAY(C764,2) -> 2 | C764: 40190 | D764: 1136.22 | E764: 1143.81 | F764: =AVERAGE(D760:D764) -> 1141.402 | G764: =AVERAGE(D755:D764) -> 1134.424 | H764: =(D764-D763)/D763 -> -0.0093811575 | I764: =(E764-D763)/D763 -> -0.0027637797 | J764: =H764-I764 -> -0.0066173778 | K764: =(SUM(D760:D763)/4-D763)/D763 -> -0.0037337181 | L764: =(SUM(D755:D763)/9-D763)/D763 -> -0.011120992 | M764: =(D764-F764)/F764 -> -0.0045400306 | N764: =(D764-G764)/G764 -> 0.0015831823 | O764: =(F764-G764)/D764 -> 0.0061414163 | P764: =(D764-1115.1)/1115.1 -> 0.018940005 | T764: =(D764-D763)/D763 -> -0.0093811575 | U764: =(D764-D763)/D763 -> -0.0093811575 | V764: =(D759-D763)/D763 -> -0.009119601 | W764: =(D759*(1-0.01)-D763)/D763 -> -0.019028405 | X764: =(D764-D759)/D759 -> -0.00026396368 | Y764: =(SUM(D760:D763)*(0.99/4.01)-D763)/D763 -> -0.016155991 | Z764: =(SUM(D760:D763)*(0.995/4.005)-D763)/D763 -> -0.0099526088 | AA764: =(F764-F759)/F759 -> 0.01237842
A765: =WEEKNUM(C765,2) -> 3 | B765: =WEEKDAY(C765,2) -> 3 | C765: 40191 | D765: 1145.68 | E765: 1137.31 | F765: =AVERAGE(D761:D765) -> 1143.11 | G765: =AVERAGE(D756:D765) -> 1136.372 | H765: =(D765-D764)/D764 -> 0.0083258524 | I765: =(E765-D764)/D764 -> 0.00095932126 | J765: =H765-I765 -> 0.0073665311 | K765: =(SUM(D761:D764)/4-D764)/D764 -> 0.005498495 | L765: =(SUM(D756:D764)/9-D764)/D764 -> -0.0007764537 | M765: =(D765-F765)/F765 -> 0.0022482526 | N765: =(D765-G765)/G765 -> 0.0081909797 | O765: =(F765-G765)/D765 -> 0.0058812234 | P765: =(D765-1115.1)/1115.1 -> 0.027423549 | T765: =(D765-D764)/D764 -> 0.0083258524 | U765: =(D765-D764)/D764 -> 0.0083258524 | V765: =(D760-D764)/D764 -> 0.00080970235 | W765: =(D760*(1-0.01)-D764)/D764 -> -0.0091983947 | X765: =(D765-D760)/D760 -> 0.0075100691 | Y765: =(SUM(D761:D764)*(0.99/4.01)-D764)/D764 -> -0.0070388927 | Z765: =(SUM(D761:D764)*(0.995/4.005)-D764)/D764 -> -0.00077802493 | AA765: =(F765-F760)/F760 -> 0.011929528
A766: =WEEKNUM(C766,2) -> 3 | B766: =WEEKDAY(C766,2) -> 4 | C766: 40192 | D766: 1148.46 | E766: 1145.68 | F766: =AVERAGE(D762:D766) -> 1144.464 | G766: =AVERAGE(D757:D766) -> 1138.576 | H766: =(D766-D765)/D765 -> 0.0024265065 | I766: =(E766-D765)/D765 -> 0 | J766: =H766-I766 -> 0.0024265065 | K766: =(SUM(D762:D765)/4-D765)/D765 -> -0.0019333496 | L766: =(SUM(D757:D765)/9-D765)/D765 -> -0.0071592611 | M766: =(D766-F766)/F766 -> 0.0034915908 | N766: =(D766-G766)/G766 -> 0.0086810191 | O766: =(F766-G766)/D766 -> 0.0051268655 | P766: =(D766-1115.1)/1115.1 -> 0.029916599 | T766: =(D766-D765)/D765 -> 0.0024265065 | U766: =(D766-D765)/D765 -> 0.0024265065 | V766: =(D761-D765)/D765 -> -0.0034826479 | W766: =(D761*(1-0.01)-D765)/D765 -> -0.013447821 | X766: =(D766-D761)/D761 -> 0.0059298058 | Y766: =(SUM(D762:D765)*(0.99/4.01)-D765)/D765 -> -0.014378071 | Z766: =(SUM(D762:D765)*(0.995/4.005)-D765)/D765 -> -0.0081634785 | AA766: =(F766-F761)/F761 -> 0.010396508
A767: =WEEKNUM(C767,2) -> 3 | B767: =WEEKDAY(C767,2) -> 5 | C767: 40193 | D767: 1136.03 | E767: 1147.72 | F767: =AVERAGE(D763:D767) -> 1142.674 | G767: =AVERAGE(D758:D767) -> 1140.669 | H767: =(D767-D766)/D766 -> -0.010823189 | I767: =(E767-D766)/D766 -> -0.00064434112 | J767: =H767-I767 -> -0.010178848 | K767: =(SUM(D763:D766)/4-D766)/D766 -> -0.0035917664 | L767: =(SUM(D758:D766)/9-D766)/D766 -> -0.0063350535 | M767: =(D767-F767)/F767 -> -0.0058144318 | N767: =(D767-G767)/G767 -> -0.0040669116 | O767: =(F767-G767)/D767 -> 0.0017649182 | P767: =(D767-1115.1)/1115.1 -> 0.018769617 | T767: =(D767-D766)/D766 -> -0.010823189 | U767: =(D767-D766)/D766 -> -0.010823189 | V767: =(D762-D766)/D766 -> -0.0030301447 | W767: =(D762*(1-0.01)-D766)/D766 -> -0.012999843 | X767: =(D767-D762)/D762 -> -0.0078167304 | Y767: =(SUM(D763:D766)*(0.99/4.01)-D766)/D766 -> -0.016015809 | Z767: =(SUM(D763:D766)*(0.995/4.005)-D766)/D766 -> -0.0098115431 | AA767: =(F767-F762)/F762 -> 0.003521671
A768: =WEEKNUM(C768,2) -> 4 | B768: =WEEKDAY(C768,2) -> 2 | C768: 40197 | D768: 1150.23 | E768: 1136.03 | F768: =AVERAGE(D764:D768) -> 1143.324 | G768: =AVERAGE(D759:D768) -> 1142.393 | H768: =(D768-D767)/D767 -> 0.01249967 | I768: =(E768-D767)/D767 -> 0 | J768: =H768-I768 -> 0.01249967 | K768: =(SUM(D764:D767)/4-D767)/D767 -> 0.0049008389 | L768: =(SUM(D759:D767)/9-D767)/D767 -> 0.004834575 | M768: =(D768-F768)/F768 -> 0.0060402825 | N768: =(D768-G768)/G768 -> 0.0068601611 | O768: =(F768-G768)/D768 -> 0.00080940334 | P768: =(D768-1115.1)/1115.1 -> 0.031503901 | T768: =(D768-D767)/D767 -> 0.01249967 | U768: =(D768-D767)/D767 -> 0.01249967 | V768: =(D763-D767)/D767 -> 0.00963883 | W768: =(D763*(1-0.01)-D767)/D767 -> -0.00045755834 | X768: =(D768-D763)/D763 -> 0.002833528 | Y768: =(SUM(D764:D767)*(0.99/4.01)-D767)/D767 -> -0.0076290968 | Z768: =(SUM(D764:D767)*(0.995/4.005)-D767)/D767 -> -0.0013719504 | AA768: =(F768-F763)/F763 -> 0.0016312413
A769: =WEEKNUM(C769,2) -> 4 | B769: =WEEKDAY(C769,2) -> 3 | C769: 40198 | D769: 1138.04 | E769: 1147.95 | F769: =AVERAGE(D765:D769) -> 1143.688 | G769: =AVERAGE(D760:D769) -> 1142.545 | H769: =(D769-D768)/D768 -> -0.01059788 | I769: =(E769-D768)/D768 -> -0.0019822123 | J769: =H769-I769 -> -0.0086156682 | K769: =(SUM(D765:D768)/4-D768)/D768 -> -0.0044599776 | L769: =(SUM(D760:D768)/9-D768)/D768 -> -0.0062460938 | M769: =(D769-F769)/F769 -> -0.0049384098 | N769: =(D769-G769)/G769 -> -0.0039429519 | O769: =(F769-G769)/D769 -> 0.0010043584 | P769: =(D769-1115.1)/1115.1 -> 0.020572146 | T769: =(D769-D768)/D768 -> -0.01059788 | U769: =(D769-D768)/D768 -> -0.01059788 | V769: =(D764-D768)/D768 -> -0.012180173 | W769: =(D764*(1-0.01)-D768)/D768 -> -0.022058371 | X769: =(D769-D764)/D764 -> 0.0016018025 | Y769: =(SUM(D765:D768)*(0.99/4.01)-D768)/D768 -> -0.016873195 | Z769: =(SUM(D765:D768)*(0.995/4.005)-D768)/D768 -> -0.010674335 | AA769: =(F769-F764)/F764 -> 0.0020028001
... A1009: =WEEKNUM(C1009,2) -> 53 | B1009: =WEEKDAY(C1009,2) -> 5 | C1009: 40543 | D1009: 1257.64 | E1009: 1256.76 | F1009: =AVERAGE(D1005:D1009) -> 1258.27 | G1009: =AVERAGE(D1000:D1009) -> 1255.255 | H1009: =(D1009-D1008)/D1008 -> -0.00019079721 | I1009: =(E1009-D1008)/D1008 -> -0.000890387 | J1009: =H1009-I1009 -> 0.00069958979 | K1009: =(SUM(D1005:D1008)/4-D1008)/D1008 -> 0.00043525615 | L1009: =(SUM(D1000:D1008)/9-D1008)/D1008 -> -0.0022975165 | M1009: =(D1009-F1009)/F1009 -> -0.00050068745 | N1009: =(D1009-G1009)/G1009 -> 0.0019000123 | O1009: =(F1009-G1009)/D1009 -> 0.0023973474 | P1009: =(D1009-1115.1)/1115.1 -> 0.1278271 | T1009: =(D1009-D1008)/D1008 -> -0.00019079721 | U1009: =(D1009-D1008)/D1008 -> -0.00019079721 | V1009: =(D1004-D1008)/D1008 -> -0.00088243712 | W1009: =(D1004*(1-0.01)-D1008)/D1008 -> -0.010873613 | X1009: =(D1009-D1004)/D1004 -> 0.00069225077 | Y1009: =(SUM(D1005:D1008)*(0.99/4.01)-D1008)/D1008 -> -0.012038999 | Z1009: =(SUM(D1005:D1008)*(0.995/4.005)-D1008)/D1008 -> -0.0058096581 | AA1009: =(F1009-F1004)/F1004 -> 0.0048153709
A1010: =WEEKNUM(C1010,2) -> 2 | B1010: =WEEKDAY(C1010,2) -> 1 | C1010: 40546 | D1010: 1271.87 | E1010: 1257.62 | F1010: =AVERAGE(D1006:D1010) -> 1261.136 | G1010: =AVERAGE(D1001:D1010) -> 1258.051 | H1010: =(D1010-D1009)/D1009 -> 0.011314844 | I1010: =(E1010-D1009)/D1009 -> -1.5902802e-05 | J1010: =H1010-I1010 -> 0.011330746 | K1010: =(SUM(D1006:D1009)/4-D1009)/D1009 -> 0.00064605133 | L1010: =(SUM(D1001:D1009)/9-D1009)/D1009 -> -0.00089409087 | M1010: =(D1010-F1010)/F1010 -> 0.0085113739 | N1010: =(D1010-G1010)/G1010 -> 0.010984451 | O1010: =(F1010-G1010)/D1010 -> 0.0024255624 | P1010: =(D1010-1257.64)/1257.64 -> 0.011314844 | T1010: =(D1010-D1009)/D1009 -> 0.011314844 | U1010: =(D1010-D1009)/D1009 -> 0.011314844 | V1010: =(D1005-D1009)/D1009 -> -7.951401e-05 | W1010: =(D1005*(1-0.01)-D1009)/D1009 -> -0.010078719 | X1010: =(D1010-D1005)/D1005 -> 0.011395264 | Y1010: =(SUM(D1006:D1009)*(0.99/4.01)-D1009)/D1009 -> -0.011830832 | Z1010: =(SUM(D1006:D1009)*(0.995/4.005)-D1009)/D1009 -> -0.0056001787 | AA1010: =(F1010-F1005)/F1005 -> 0.0049164679
A1011: =WEEKNUM(C1011,2) -> 2 | B1011: =WEEKDAY(C1011,2) -> 2 | C1011: 40547 | D1011: 1270.2 | E1011: 1272.95 | F1011: =AVERAGE(D1007:D1011) -> 1263.474 | G1011: =AVERAGE(D1002:D1011) -> 1260.363 | H1011: =(D1011-D1010)/D1010 -> -0.0013130273 | I1011: =(E1011-D1010)/D1010 -> 0.00084914339 | J1011: =H1011-I1011 -> -0.0021621707 | K1011: =(SUM(D1007:D1010)/4-D1010)/D1010 -> -0.0079233727 | L1011: =(SUM(D1002:D1010)/9-D1010)/D1010 -> -0.0099066729 | M1011: =(D1011-F1011)/F1011 -> 0.0053234178 | N1011: =(D1011-G1011)/G1011 -> 0.0078048943 | O1011: =(F1011-G1011)/D1011 -> 0.0024492206 | P1011: =(D1011-1257.64)/1257.64 -> 0.0099869597 | T1011: =(D1011-D1010)/D1010 -> -0.0013130273 | U1011: =(D1011-D1010)/D1010 -> -0.0013130273 | V1011: =(D1006-D1010)/D1010 -> -0.010504218 | W1011: =(D1006*(1-0.01)-D1010)/D1010 -> -0.020399176 | X1011: =(D1011-D1006)/D1006 -> 0.0092887621 | Y1011: =(SUM(D1007:D1010)*(0.99/4.01)-D1010)/D1010 -> -0.020293405 | Z1011: =(SUM(D1007:D1010)*(0.995/4.005)-D1010)/D1010 -> -0.014116111 | AA1011: =(F1011-F1006)/F1006 -> 0.0049488885
A1012: =WEEKNUM(C1012,2) -> 2 | B1012: =WEEKDAY(C1012,2) -> 3 | C1012: 40548 | D1012: 1276.56 | E1012: 1268.78 | F1012: =AVERAGE(D1008:D1012) -> 1266.83 | G1012: =AVERAGE(D1003:D1012) -> 1262.559 | H1012: =(D1012-D1011)/D1011 -> 0.0050070855 | I1012: =(E1012-D1011)/D1011 -> -0.0011179342 | J1012: =H1012-I1012 -> 0.0061250197 | K1012: =(SUM(D1008:D1011)/4-D1011)/D1011 -> -0.0045681782 | L1012: =(SUM(D1003:D1011)/9-D1011)/D1011 -> -0.0072403296 | M1012: =(D1012-F1012)/F1012 -> 0.0076805886 | N1012: =(D1012-G1012)/G1012 -> 0.011089383 | O1012: =(F1012-G1012)/D1012 -> 0.0033457103 | P1012: =(D1012-1257.64)/1257.64 -> 0.015044051 | T1012: =(D1012-D1011)/D1011 -> 0.0050070855 | U1012: =(D1012-D1011)/D1011 -> 0.0050070855 | V1012: =(D1007-D1011)/D1011 -> -0.0082034325 | W1012: =(D1007*(1-0.01)-D1011)/D1011 -> -0.018121398 | X1012: =(D1012-D1007)/D1007 -> 0.013319786 | Y1012: =(SUM(D1008:D1011)*(0.99/4.01)-D1011)/D1011 -> -0.016980046 | Z1012: =(SUM(D1008:D1011)*(0.995/4.005)-D1011)/D1011 -> -0.01078186 | AA1012: =(F1012-F1007)/F1007 -> 0.0067885889
A1013: =WEEKNUM(C1013,2) -> 2 | B1013: =WEEKDAY(C1013,2) -> 4 | C1013: 40549 | D1013: 1273.85 | E1013: 1276.29 | F1013: =AVERAGE(D1009:D1013) -> 1270.024 | G1013: =AVERAGE(D1004:D1013) -> 1264.06 | H1013: =(D1013-D1012)/D1012 -> -0.0021228928 | I1013: =(E1013-D1012)/D1012 -> -0.00021150592 | J1013: =H1013-I1013 -> -0.0019113869 | K1013: =(SUM(D1009:D1012)/4-D1012)/D1012 -> -0.0058692893 | L1013: =(SUM(D1004:D1012)/9-D1012)/D1012 -> -0.010644057 | M1013: =(D1013-F1013)/F1013 -> 0.0030125415 | N1013: =(D1013-G1013)/G1013 -> 0.0077448855 | O1013: =(F1013-G1013)/D1013 -> 0.0046818699 | P1013: =(D1013-1257.64)/1257.64 -> 0.012889221 | T1013: =(D1013-D1012)/D1012 -> -0.0021228928 | U1013: =(D1013-D1012)/D1012 -> -0.0021228928 | V1013: =(D1008-D1012)/D1012 -> -0.014633076 | W1013: =(D1008*(1-0.01)-D1012)/D1012 -> -0.024486746 | X1013: =(D1013-D1008)/D1008 -> 0.012695965 | Y1013: =(SUM(D1009:D1012)*(0.99/4.01)-D1012)/D1012 -> -0.018264934 | Z1013: =(SUM(D1009:D1012)*(0.995/4.005)-D1012)/D1012 -> -0.012074849 | AA1013: =(F1013-F1008)/F1008 -> 0.0094809935
A1014: =WEEKNUM(C1014,2) -> 2 | B1014: =WEEKDAY(C1014,2) -> 5 | C1014: 40550 | D1014: 1271.5 | E1014: 1274.41 | F1014: =AVERAGE(D1010:D1014) -> 1272.796 | G1014: =AVERAGE(D1005:D1014) -> 1265.533 | H1014: =(D1014-D1013)/D1013 -> -0.0018448012 | I1014: =(E1014-D1013)/D1013 -> 0.0004396122 | J1014: =H1014-I1014 -> -0.0022844134 | K1014: =(SUM(D1010:D1013)/4-D1013)/D1013 -> -0.0005730659 | L1014: =(SUM(D1005:D1013)/9-D1013)/D1013 -> -0.0070494956 | M1014: =(D1014-F1014)/F1014 -> -0.0010182307 | N1014: =(D1014-G1014)/G1014 -> 0.0047150094 | O1014: =(F1014-G1014)/D1014 -> 0.005712151 | P1014: =(D1014-1257.64)/1257.64 -> 0.011020642 | T1014: =(D1014-D1013)/D1013 -> -0.0018448012 | U1014: =(D1014-D1013)/D1013 -> -0.0018448012 | V1014: =(D1009-D1013)/D1013 -> -0.012725203 | W1014: =(D1009*(1-0.01)-D1013)/D1013 -> -0.022597951 | X1014: =(D1014-D1009)/D1009 -> 0.011020642 | Y1014: =(SUM(D1010:D1013)*(0.99/4.01)-D1013)/D1013 -> -0.013034748 | Z1014: =(SUM(D1010:D1013)*(0.995/4.005)-D1013)/D1013 -> -0.006811686 | AA1014: =(F1014-F1009)/F1009 -> 0.011544422
A1015: =WEEKNUM(C1015,2) -> 3 | B1015: =WEEKDAY(C1015,2) -> 1 | C1015: 40553 | D1015: 1269.75 | E1015: 1270.84 | F1015: =AVERAGE(D1011:D1015) -> 1272.372 | G1015: =AVERAGE(D1006:D1015) -> 1266.754 | H1015: =(D1015-D1014)/D1014 -> -0.0013763272 | I1015: =(E1015-D1014)/D1014 -> -0.00051907196 | J1015: =H1015-I1015 -> -0.00085725521 | K1015: =(SUM(D1011:D1014)/4-D1014)/D1014 -> 0.001201337 | L1015: =(SUM(D1006:D1014)/9-D1014)/D1014 -> -0.0039944073 | M1015: =(D1015-F1015)/F1015 -> -0.0020607181 | N1015: =(D1015-G1015)/G1015 -> 0.0023651001 | O1015: =(F1015-G1015)/D1015 -> 0.004424493 | P1015: =(D1015-1257.64)/1257.64 -> 0.0096291467 | T1015: =(D1015-D1014)/D1014 -> -0.0013763272 | U1015: =(D1015-D1014)/D1014 -> -0.0013763272 | V1015: =(D1010-D1014)/D1014 -> 0.00029099489 | W1015: =(D1010*(1-0.01)-D1014)/D1014 -> -0.0097119151 | X1015: =(D1015-D1010)/D1010 -> -0.001666837 | Y1015: =(SUM(D1011:D1014)*(0.99/4.01)-D1014)/D1014 -> -0.01128247 | Z1015: =(SUM(D1011:D1014)*(0.995/4.005)-D1014)/D1014 -> -0.0050483592 | AA1015: =(F1015-F1010)/F1010 -> 0.0089094277
A1016: =WEEKNUM(C1016,2) -> 3 | B1016: =WEEKDAY(C1016,2) -> 2 | C1016: 40554 | D1016: 1274.48 | E1016: 1272.58 | F1016: =AVERAGE(D1012:D1016) -> 1273.228 | G1016: =AVERAGE(D1007:D1016) -> 1268.351 | H1016: =(D1016-D1015)/D1015 -> 0.0037251427 | I1016: =(E1016-D1015)/D1015 -> 0.0022287852 | J1016: =H1016-I1016 -> 0.0014963576 | K1016: =(SUM(D1012:D1015)/4-D1015)/D1015 -> 0.0024926167 | L1016: =(SUM(D1007:D1015)/9-D1015)/D1015 -> -0.0016381177 | M1016: =(D1016-F1016)/F1016 -> 0.00098332742 | N1016: =(D1016-G1016)/G1016 -> 0.0048322586 | O1016: =(F1016-G1016)/D1016 -> 0.0038266587 | P1016: =(D1016-1257.64)/1257.64 -> 0.013390159 | T1016: =(D1016-D1015)/D1015 -> 0.0037251427 | U1016: =(D1016-D1015)/D1015 -> 0.0037251427 | V1016: =(D1011-D1015)/D1015 -> 0.00035440047 | W1016: =(D1011*(1-0.01)-D1015)/D1015 -> -0.0096491435 | X1016: =(D1016-D1011)/D1011 -> 0.0033695481 | Y1016: =(SUM(D1012:D1015)*(0.99/4.01)-D1015)/D1015 -> -0.010007291 | Z1016: =(SUM(D1012:D1015)*(0.995/4.005)-D1015)/D1015 -> -0.00376514 | AA1016: =(F1016-F1011)/F1011 -> 0.0077199847
A1017: =WEEKNUM(C1017,2) -> 3 | B1017: =WEEKDAY(C1017,2) -> 3 | C1017: 40555 | D1017: 1285.96 | E1017: 1275.65 | F1017: =AVERAGE(D1013:D1017) -> 1275.108 | G1017: =AVERAGE(D1008:D1017) -> 1270.969 | H1017: =(D1017-D1016)/D1016 -> 0.0090075953 | I1017: =(E1017-D1016)/D1016 -> 0.00091802147 | J1017: =H1017-I1017 -> 0.0080895738 | K1017: =(SUM(D1013:D1016)/4-D1016)/D1016 -> -0.0016359613 | L1017: =(SUM(D1008:D1016)/9-D1016)/D1016 -> -0.0040617873 | M1017: =(D1017-F1017)/F1017 -> 0.0085106516 | N1017: =(D1017-G1017)/G1017 -> 0.011794938 | O1017: =(F1017-G1017)/D1017 -> 0.0032186071 | P1017: =(D1017-1257.64)/1257.64 -> 0.022518368 | T1017: =(D1017-D1016)/D1016 -> 0.0090075953 | U1017: =(D1017-D1016)/D1016 -> 0.0090075953 | V1017: =(D1012-D1016)/D1016 -> 0.0016320382 | W1017: =(D1012*(1-0.01)-D1016)/D1016 -> -0.0083842822 | X1017: =(D1017-D1012)/D1012 -> 0.0073635395 | Y1017: =(SUM(D1013:D1016)*(0.99/4.01)-D1016)/D1016 -> -0.014084391 | Z1017: =(SUM(D1013:D1016)*(0.995/4.005)-D1016)/D1016 -> -0.0078679466 | AA1017: =(F1017-F1012)/F1012 -> 0.0065344206
A1018: =WEEKNUM(C1018,2) -> 3 | B1018: =WEEKDAY(C1018,2) -> 4 | C1018: 40556 | D1018: 1283.76 | E1018: 1285.78 | F1018: =AVERAGE(D1014:D1018) -> 1277.09 | G1018: =AVERAGE(D1009:D1018) -> 1273.557 | H1018: =(D1018-D1017)/D1017 -> -0.0017107842 | I1018: =(E1018-D1017)/D1017 -> -0.00013997325 | J1018: =H1018-I1018 -> -0.0015708109 | K1018: =(SUM(D1014:D1017)/4-D1017)/D1017 -> -0.0081942673 | L1018: =(SUM(D1009:D1017)/9-D1017)/D1017 -> -0.010526507 | M1018: =(D1018-F1018)/F1018 -> 0.0052228112 | N1018: =(D1018-G1018)/G1018 -> 0.00801142 | O1018: =(F1018-G1018)/D1018 -> 0.002752072 | P1018: =(D1018-1257.64)/1257.64 -> 0.02076906 | T1018: =(D1018-D1017)/D1017 -> -0.0017107842 | U1018: =(D1018-D1017)/D1017 -> -0.0017107842 | V1018: =(D1013-D1017)/D1017 -> -0.0094170892 | W1018: =(D1013*(1-0.01)-D1017)/D1017 -> -0.019322918 | X1018: =(D1018-D1013)/D1013 -> 0.0077795659 | Y1018: =(SUM(D1014:D1017)*(0.99/4.01)-D1017)/D1017 -> -0.020560922 | Z1018: =(SUM(D1014:D1017)*(0.995/4.005)-D1017)/D1017 -> -0.014385314 | AA1018: =(F1018-F1013)/F1013 -> 0.0055636744
A1019: =WEEKNUM(C1019,2) -> 3 | B1019: =WEEKDAY(C1019,2) -> 5 | C1019: 40557 | D1019: 1293.24 | E1019: 1282.9 | F1019: =AVERAGE(D1015:D1019) -> 1281.438 | G1019: =AVERAGE(D1010:D1019) -> 1277.117 | H1019: =(D1019-D1018)/D1018 -> 0.0073845579 | I1019: =(E1019-D1018)/D1018 -> -0.00066990715 | J1019: =H1019-I1019 -> 0.008054465 | K1019: =(SUM(D1015:D1018)/4-D1018)/D1018 -> -0.0041070761 | L1019: =(SUM(D1010:D1018)/9-D1018)/D1018 -> -0.00657011 | M1019: =(D1019-F1019)/F1019 -> 0.0092099657 | N1019: =(D1019-G1019)/G1019 -> 0.012624529 | O1019: =(F1019-G1019)/D1019 -> 0.0033412205 | P1019: =(D1019-1257.64)/1257.64 -> 0.028306988 | T1019: =(D1019-D1018)/D1018 -> 0.0073845579 | U1019: =(D1019-D1018)/D1018 -> 0.0073845579 | V1019: =(D1014-D1018)/D1018 -> -0.0095500717 | W1019: =(D1014*(1-0.01)-D1018)/D1018 -> -0.019454571 | X1019: =(D1019-D1014)/D1014 -> 0.017097916 | Y1019: =(SUM(D1015:D1018)*(0.99/4.01)-D1018)/D1018 -> -0.016524694 | Z1019: =(SUM(D1015:D1018)*(0.995/4.005)-D1018)/D1018 -> -0.010323636 | AA1019: =(F1019-F1014)/F1014 -> 0.0067897762
A1020: =WEEKNUM(C1020,2) -> 4 | B1020: =WEEKDAY(C1020,2) -> 2 | C1020: 40561 | D1020: 1295.02 | E1020: 1293.22 | F1020: =AVERAGE(D1016:D1020) -> 1286.492 | G1020: =AVERAGE(D1011:D1020) -> 1279.432 | H1020: =(D1020-D1019)/D1019 -> 0.001376388 | I1020: =(E1020-D1019)/D1019 -> -1.5465034e-05 | J1020: =H1020-I1020 -> 0.001391853 | K1020: =(SUM(D1016:D1019)/4-D1019)/D1019 -> -0.0068664749 | L1020: =(SUM(D1011:D1019)/9-D1019)/D1019 -> -0.012016331 | M1020: =(D1020-F1020)/F1020 -> 0.0066288792 | N1020: =(D1020-G1020)/G1020 -> 0.012183531 | O1020: =(F1020-G1020)/D1020 -> 0.0054516533 | P1020: =(D1020-1257.64)/1257.64 -> 0.029722337 | T1020: =(D1020-D1019)/D1019 -> 0.001376388 | U1020: =(D1020-D1019)/D1019 -> 0.001376388 | V1020: =(D1015-D1019)/D1019 -> -0.018163682 | W1020: =(D1015*(1-0.01)-D1019)/D1019 -> -0.027982045 | X1020: =(D1020-D1015)/D1015 -> 0.019901555 | Y1020: =(SUM(D1016:D1019)*(0.99/4.01)-D1019)/D1019 -> -0.019249686 | Z1020: =(SUM(D1016:D1019)*(0.995/4.005)-D1019)/D1019 -> -0.01306581 | AA1020: =(F1020-F1015)/F1015 -> 0.011097383
A1021: =WEEKNUM(C1021,2) -> 4 | B1021: =WEEKDAY(C1021,2) -> 3 | C1021: 40562 | D1021: 1281.92 | E1021: 1294.52 | F1021: =AVERAGE(D1017:D1021) -> 1287.98 | G1021: =AVERAGE(D1012:D1021) -> 1280.604 | H1021: =(D1021-D1020)/D1020 -> -0.010115674 | I1021: =(E1021-D1020)/D1020 -> -0.00038609442 | J1021: =H1021-I1021 -> -0.0097295795 | K1021: =(SUM(D1017:D1020)/4-D1020)/D1020 -> -0.0042663434 | L1021: =(SUM(D1012:D1020)/9-D1020)/D1020 -> -0.011244786 | M1021: =(D1021-F1021)/F1021 -> -0.004705042 | N1021: =(D1021-G1021)/G1021 -> 0.0010276401 | O1021: =(F1021-G1021)/D1021 -> 0.0057538692 | P1021: =(D1021-1257.64)/1257.64 -> 0.019306002 | T1021: =(D1021-D1020)/D1020 -> -0.010115674 | U1021: =(D1021-D1020)/D1020 -> -0.010115674 | V1021: =(D1016-D1020)/D1020 -> -0.015860759 | W1021: =(D1016*(1-0.01)-D1020)/D1020 -> -0.025702151 | X1021: =(D1021-D1016)/D1016 -> 0.005837675 | Y1021: =(SUM(D1017:D1020)*(0.99/4.01)-D1020)/D1020 -> -0.016681975 | Z1021: =(SUM(D1017:D1020)*(0.995/4.005)-D1020)/D1020 -> -0.010481909 | AA1021: =(F1021-F1016)/F1016 -> 0.011586299
... A1261: =WEEKNUM(C1261,2) -> 53 | B1261: =WEEKDAY(C1261,2) -> 5 | C1261: 40907 | D1261: 1257.6 | E1261: 1262.82 | F1261: =AVERAGE(D1257:D1261) -> 1260.204 | G1261: =AVERAGE(D1252:D1261) -> 1246.505 | H1261: =(D1261-D1260)/D1260 -> -0.0042913018 | I1261: =(E1261-D1260)/D1260 -> -0.00015835062 | J1261: =H1261-I1261 -> -0.0041329512 | K1261: =(SUM(D1257:D1260)/4-D1260)/D1260 -> -0.0017141455 | L1261: =(SUM(D1252:D1260)/9-D1260)/D1260 -> -0.014051858 | M1261: =(D1261-F1261)/F1261 -> -0.0020663321 | N1261: =(D1261-G1261)/G1261 -> 0.0089008869 | O1261: =(F1261-G1261)/D1261 -> 0.010892971 | P1261: =(D1261-1257.64)/1257.64 -> -3.1805604e-05 | T1261: =(D1261-D1260)/D1260 -> -0.0042913018 | U1261: =(D1261-D1260)/D1260 -> -0.0042913018 | V1261: =(D1256-D1260)/D1260 -> -0.007141613 | W1261: =(D1256*(1-0.01)-D1260)/D1260 -> -0.017070197 | X1261: =(D1261-D1256)/D1256 -> 0.0028708134 | Y1261: =(SUM(D1257:D1260)*(0.99/4.01)-D1260)/D1260 -> -0.0141616 | Z1261: =(SUM(D1257:D1260)*(0.995/4.005)-D1260)/D1260 -> -0.0079456427 | AA1261: =(F1261-F1256)/F1256 -> 0.022224097
A1262: =WEEKNUM(C1262,2) -> 2 | B1262: =WEEKDAY(C1262,2) -> 2 | C1262: 40911 | D1262: 1277.06 | E1262: 1258.86 | F1262: =AVERAGE(D1258:D1262) -> 1262.55 | G1262: =AVERAGE(D1253:D1262) -> 1252.245 | H1262: =(D1262-D1261)/D1261 -> 0.015473919 | I1262: =(E1262-D1261)/D1261 -> 0.0010019084 | J1262: =H1262-I1262 -> 0.01447201 | K1262: =(SUM(D1258:D1261)/4-D1261)/D1261 -> 0.0010516062 | L1262: =(SUM(D1253:D1261)/9-D1261)/D1261 -> -0.0064505584 | M1262: =(D1262-F1262)/F1262 -> 0.011492614 | N1262: =(D1262-G1262)/G1262 -> 0.01981641 | O1262: =(F1262-G1262)/D1262 -> 0.0080693155 | P1262: =(D1262-1257.6)/1257.6 -> 0.015473919 | T1262: =(D1262-D1261)/D1261 -> 0.015473919 | U1262: =(D1262-D1261)/D1261 -> 0.015473919 | V1262: =(D1257-D1261)/D1261 -> 0.0061466285 | W1262: =(D1257*(1-0.01)-D1261)/D1261 -> -0.0039148378 | X1262: =(D1262-D1257)/D1257 -> 0.0092703089 | Y1262: =(SUM(D1258:D1261)*(0.99/4.01)-D1261)/D1261 -> -0.011430334 | Z1262: =(SUM(D1258:D1261)*(0.995/4.005)-D1261)/D1261 -> -0.0051971554 | AA1262: =(F1262-F1257)/F1257 -> 0.016595005
A1263: =WEEKNUM(C1263,2) -> 2 | B1263: =WEEKDAY(C1263,2) -> 3 | C1263: 40912 | D1263: 1277.3 | E1263: 1277.03 | F1263: =AVERAGE(D1259:D1263) -> 1264.924 | G1263: =AVERAGE(D1254:D1263) -> 1259.44 | H1263: =(D1263-D1262)/D1262 -> 0.00018793166 | I1263: =(E1263-D1262)/D1262 -> -2.3491457e-05 | J1263: =H1263-I1263 -> 0.00021142311 | K1263: =(SUM(D1259:D1262)/4-D1262)/D1262 -> -0.01192583 | L1263: =(SUM(D1254:D1262)/9-D1262)/D1262 -> -0.015351232 | M1263: =(D1263-F1263)/F1263 -> 0.009783987 | N1263: =(D1263-G1263)/G1263 -> 0.014180906 | O1263: =(F1263-G1263)/D1263 -> 0.0042934315 | P1263: =(D1263-1257.6)/1257.6 -> 0.015664758 | T1263: =(D1263-D1262)/D1262 -> 0.00018793166 | U1263: =(D1263-D1262)/D1262 -> 0.00018793166 | V1263: =(D1258-D1262)/D1262 -> -0.0091068548 | W1263: =(D1258*(1-0.01)-D1262)/D1262 -> -0.019015786 | X1263: =(D1263-D1258)/D1258 -> 0.0093802107 | Y1263: =(SUM(D1259:D1262)*(0.99/4.01)-D1262)/D1262 -> -0.024245956 | Z1263: =(SUM(D1259:D1262)*(0.995/4.005)-D1262)/D1262 -> -0.018093584 | AA1263: =(F1263-F1258)/F1258 -> 0.0087467184
A1264: =WEEKNUM(C1264,2) -> 2 | B1264: =WEEKDAY(C1264,2) -> 4 | C1264: 40913 | D1264: 1281.06 | E1264: 1277.3 | F1264: =AVERAGE(D1260:D1264) -> 1271.208 | G1264: =AVERAGE(D1255:D1264) -> 1263.416 | H1264: =(D1264-D1263)/D1263 -> 0.0029437094 | I1264: =(E1264-D1263)/D1263 -> 0 | J1264: =H1264-I1264 -> 0.0029437094 | K1264: =(SUM(D1260:D1263)/4-D1263)/D1263 -> -0.0066977218 | L1264: =(SUM(D1255:D1263)/9-D1263)/D1263 -> -0.012404638 | M1264: =(D1264-F1264)/F1264 -> 0.0077501086 | N1264: =(D1264-G1264)/G1264 -> 0.013965313 | O1264: =(F1264-G1264)/D1264 -> 0.006082463 | P1264: =(D1264-1257.6)/1257.6 -> 0.01865458 | T1264: =(D1264-D1263)/D1263 -> 0.0029437094 | U1264: =(D1264-D1263)/D1263 -> 0.0029437094 | V1264: =(D1259-D1263)/D1263 -> -0.021655054 | W1264: =(D1259*(1-0.01)-D1263)/D1263 -> -0.031438503 | X1264: =(D1264-D1259)/D1259 -> 0.025143241 | Y1264: =(SUM(D1260:D1263)*(0.99/4.01)-D1263)/D1263 -> -0.019083037 | Z1264: =(SUM(D1260:D1263)*(0.995/4.005)-D1263)/D1263 -> -0.012898111 | AA1264: =(F1264-F1259)/F1259 -> 0.012411359
A1265: =WEEKNUM(C1265,2) -> 2 | B1265: =WEEKDAY(C1265,2) -> 5 | C1265: 40914 | D1265: 1277.81 | E1265: 1280.93 | F1265: =AVERAGE(D1261:D1265) -> 1274.166 | G1265: =AVERAGE(D1256:D1265) -> 1266.825 | H1265: =(D1265-D1264)/D1264 -> -0.0025369616 | I1265: =(E1265-D1264)/D1264 -> -0.00010147846 | J1265: =H1265-I1265 -> -0.0024354831 | K1265: =(SUM(D1261:D1264)/4-D1264)/D1264 -> -0.0060926108 | L1265: =(SUM(D1256:D1264)/9-D1264)/D1264 -> -0.012064662 | M1265: =(D1265-F1265)/F1265 -> 0.0028599099 | N1265: =(D1265-G1265)/G1265 -> 0.0086712845 | O1265: =(F1265-G1265)/D1265 -> 0.0057449856 | P1265: =(D1265-1257.6)/1257.6 -> 0.016070293 | T1265: =(D1265-D1264)/D1264 -> -0.0025369616 | U1265: =(D1265-D1264)/D1264 -> -0.0025369616 | V1265: =(D1260-D1264)/D1264 -> -0.014082088 | W1265: =(D1260*(1-0.01)-D1264)/D1264 -> -0.023941267 | X1265: =(D1265-D1260)/D1260 -> 0.011710028 | Y1265: =(SUM(D1261:D1264)*(0.99/4.01)-D1264)/D1264 -> -0.018485471 | Z1265: =(SUM(D1261:D1264)*(0.995/4.005)-D1264)/D1264 -> -0.012296777 | AA1265: =(F1265-F1260)/F1260 -> 0.011657155
A1266: =WEEKNUM(C1266,2) -> 3 | B1266: =WEEKDAY(C1266,2) -> 1 | C1266: 40917 | D1266: 1280.7 | E1266: 1277.83 | F1266: =AVERAGE(D1262:D1266) -> 1278.786 | G1266: =AVERAGE(D1257:D1266) -> 1269.495 | H1266: =(D1266-D1265)/D1265 -> 0.0022616821 | I1266: =(E1266-D1265)/D1265 -> 1.5651779e-05 | J1266: =H1266-I1266 -> 0.0022460303 | K1266: =(SUM(D1262:D1265)/4-D1265)/D1265 -> 0.00038933801 | L1266: =(SUM(D1257:D1265)/9-D1265)/D1265 -> -0.0074815505 | M1266: =(D1266-F1266)/F1266 -> 0.0014967321 | N1266: =(D1266-G1266)/G1266 -> 0.0088263443 | O1266: =(F1266-G1266)/D1266 -> 0.0072546264 | P1266: =(D1266-1257.6)/1257.6 -> 0.018368321 | T1266: =(D1266-D1265)/D1265 -> 0.0022616821 | U1266: =(D1266-D1265)/D1265 -> 0.0022616821 | V1266: =(D1261-D1265)/D1265 -> -0.015816123 | W1266: =(D1261*(1-0.01)-D1265)/D1265 -> -0.025657962 | X1266: =(D1266-D1261)/D1261 -> 0.018368321 | Y1266: =(SUM(D1262:D1265)*(0.99/4.01)-D1265)/D1265 -> -0.012084345 | Z1266: =(SUM(D1262:D1265)*(0.995/4.005)-D1265)/D1265 -> -0.0058552896 | AA1266: =(F1266-F1261)/F1261 -> 0.014745232
A1267: =WEEKNUM(C1267,2) -> 3 | B1267: =WEEKDAY(C1267,2) -> 2 | C1267: 40918 | D1267: 1292.08 | E1267: 1280.77 | F1267: =AVERAGE(D1263:D1267) -> 1281.79 | G1267: =AVERAGE(D1258:D1267) -> 1272.17 | H1267: =(D1267-D1266)/D1266 -> 0.0088857656 | I1267: =(E1267-D1266)/D1266 -> 5.4657609e-05 | J1267: =H1267-I1267 -> 0.008831108 | K1267: =(SUM(D1263:D1266)/4-D1266)/D1266 -> -0.0011575701 | L1267: =(SUM(D1258:D1266)/9-D1266)/D1266 -> -0.008387774 | M1267: =(D1267-F1267)/F1267 -> 0.0080278361 | N1267: =(D1267-G1267)/G1267 -> 0.015650424 | O1267: =(F1267-G1267)/D1267 -> 0.0074453594 | P1267: =(D1267-1257.6)/1257.6 -> 0.027417303 | T1267: =(D1267-D1266)/D1266 -> 0.0088857656 | U1267: =(D1267-D1266)/D1266 -> 0.0088857656 | V1267: =(D1262-D1266)/D1266 -> -0.0028421957 | W1267: =(D1262*(1-0.01)-D1266)/D1266 -> -0.012813774 | X1267: =(D1267-D1262)/D1262 -> 0.011761389 | Y1267: =(SUM(D1263:D1266)*(0.99/4.01)-D1266)/D1266 -> -0.013611964 | Z1267: =(SUM(D1263:D1266)*(0.995/4.005)-D1266)/D1266 -> -0.0073925416 | AA1267: =(F1267-F1262)/F1262 -> 0.015239
A1268: =WEEKNUM(C1268,2) -> 3 | B1268: =WEEKDAY(C1268,2) -> 3 | C1268: 40919 | D1268: 1292.48 | E1268: 1292.02 | F1268: =AVERAGE(D1264:D1268) -> 1284.826 | G1268: =AVERAGE(D1259:D1268) -> 1274.875 | H1268: =(D1268-D1267)/D1267 -> 0.00030957835 | I1268: =(E1268-D1267)/D1267 -> -4.6436753e-05 | J1268: =H1268-I1268 -> 0.00035601511 | K1268: =(SUM(D1264:D1267)/4-D1267)/D1267 -> -0.0070951489 | L1268: =(SUM(D1259:D1267)/9-D1267)/D1267 -> -0.014829663 | M1268: =(D1268-F1268)/F1268 -> 0.0059572269 | N1268: =(D1268-G1268)/G1268 -> 0.013809197 | O1268: =(F1268-G1268)/D1268 -> 0.007699152 | P1268: =(D1268-1257.6)/1257.6 -> 0.027735369 | T1268: =(D1268-D1267)/D1267 -> 0.00030957835 | U1268: =(D1268-D1267)/D1267 -> 0.00030957835 | V1268: =(D1263-D1267)/D1267 -> -0.01143892 | W1268: =(D1263*(1-0.01)-D1267)/D1267 -> -0.021324531 | X1268: =(D1268-D1263)/D1263 -> 0.011884444 | Y1268: =(SUM(D1264:D1267)*(0.99/4.01)-D1267)/D1267 -> -0.019475509 | Z1268: =(SUM(D1264:D1267)*(0.995/4.005)-D1267)/D1267 -> -0.013293057 | AA1268: =(F1268-F1263)/F1263 -> 0.015733752
A1269: =WEEKNUM(C1269,2) -> 3 | B1269: =WEEKDAY(C1269,2) -> 4 | C1269: 40920 | D1269: 1295.5 | E1269: 1292.48 | F1269: =AVERAGE(D1265:D1269) -> 1287.714 | G1269: =AVERAGE(D1260:D1269) -> 1279.461 | H1269: =(D1269-D1268)/D1268 -> 0.0023365932 | I1269: =(E1269-D1268)/D1268 -> 0 | J1269: =H1269-I1269 -> 0.0023365932 | K1269: =(SUM(D1265:D1268)/4-D1268)/D1268 -> -0.005193504 | L1269: =(SUM(D1260:D1268)/9-D1268)/D1268 -> -0.011451714 | M1269: =(D1269-F1269)/F1269 -> 0.0060463737 | N1269: =(D1269-G1269)/G1269 -> 0.012535747 | O1269: =(F1269-G1269)/D1269 -> 0.0063705133 | P1269: =(D1269-1257.6)/1257.6 -> 0.030136768 | T1269: =(D1269-D1268)/D1268 -> 0.0023365932 | U1269: =(D1269-D1268)/D1268 -> 0.0023365932 | V1269: =(D1264-D1268)/D1268 -> -0.0088357267 | W1269: =(D1264*(1-0.01)-D1268)/D1268 -> -0.018747369 | X1269: =(D1269-D1264)/D1264 -> 0.011271915 | Y1269: =(SUM(D1265:D1268)*(0.99/4.01)-D1268)/D1268 -> -0.017597575 | Z1269: =(SUM(D1265:D1268)*(0.995/4.005)-D1268)/D1268 -> -0.011403282 | AA1269: =(F1269-F1264)/F1264 -> 0.0129845
A1270: =WEEKNUM(C1270,2) -> 3 | B1270: =WEEKDAY(C1270,2) -> 5 | C1270: 40921 | D1270: 1289.09 | E1270: 1294.82 | F1270: =AVERAGE(D1266:D1270) -> 1289.97 | G1270: =AVERAGE(D1261:D1270) -> 1282.068 | H1270: =(D1270-D1269)/D1269 -> -0.0049478966 | I1270: =(E1270-D1269)/D1269 -> -0.00052489386 | J1270: =H1270-I1270 -> -0.0044230027 | K1270: =(SUM(D1266:D1269)/4-D1269)/D1269 -> -0.0040988036 | L1270: =(SUM(D1261:D1269)/9-D1269)/D1269 -> -0.010970453 | M1270: =(D1270-F1270)/F1270 -> -0.00068218641 | N1270: =(D1270-G1270)/G1270 -> 0.0054770886 | O1270: =(F1270-G1270)/D1270 -> 0.0061299056 | P1270: =(D1270-1257.6)/1257.6 -> 0.025039758 | T1270: =(D1270-D1269)/D1269 -> -0.0049478966 | U1270: =(D1270-D1269)/D1269 -> -0.0049478966 | V1270: =(D1265-D1269)/D1269 -> -0.013654959 | W1270: =(D1265*(1-0.01)-D1269)/D1269 -> -0.02351841 | X1270: =(D1270-D1265)/D1265 -> 0.0088276035 | Y1270: =(SUM(D1266:D1269)*(0.99/4.01)-D1269)/D1269 -> -0.016516524 | Z1270: =(SUM(D1266:D1269)*(0.995/4.005)-D1269)/D1269 -> -0.010315415 | AA1270: =(F1270-F1265)/F1265 -> 0.012403407
A1271: =WEEKNUM(C1271,2) -> 4 | B1271: =WEEKDAY(C1271,2) -> 2 | C1271: 40925 | D1271: 1293.67 | E1271: 1290.22 | F1271: =AVERAGE(D1267:D1271) -> 1292.564 | G1271: =AVERAGE(D1262:D1271) -> 1285.675 | H1271: =(D1271-D1270)/D1270 -> 0.0035528939 | I1271: =(E1271-D1270)/D1270 -> 0.00087658736 | J1271: =H1271-I1271 -> 0.0026763065 | K1271: =(SUM(D1267:D1270)/4-D1270)/D1270 -> 0.0024804319 | L1271: =(SUM(D1262:D1270)/9-D1270)/D1270 -> -0.0033382722 | M1271: =(D1271-F1271)/F1271 -> 0.00085566363 | N1271: =(D1271-G1271)/G1271 -> 0.0062185233 | O1271: =(F1271-G1271)/D1271 -> 0.0053251602 | P1271: =(D1271-1257.6)/1257.6 -> 0.028681616 | T1271: =(D1271-D1270)/D1270 -> 0.0035528939 | U1271: =(D1271-D1270)/D1270 -> 0.0035528939 | V1271: =(D1266-D1270)/D1270 -> -0.0065084672 | W1271: =(D1266*(1-0.01)-D1270)/D1270 -> -0.016443383 | X1271: =(D1271-D1266)/D1266 -> 0.010127274 | Y1271: =(SUM(D1267:D1270)*(0.99/4.01)-D1270)/D1270 -> -0.010019324 | Z1271: =(SUM(D1267:D1270)*(0.995/4.005)-D1270)/D1270 -> -0.0037772487 | AA1271: =(F1271-F1266)/F1266 -> 0.010774281
A1272: =WEEKNUM(C1272,2) -> 4 | B1272: =WEEKDAY(C1272,2) -> 3 | C1272: 40926 | D1272: 1308.04 | E1272: 1293.65 | F1272: =AVERAGE(D1268:D1272) -> 1295.756 | G1272: =AVERAGE(D1263:D1272) -> 1288.773 | H1272: =(D1272-D1271)/D1271 -> 0.011107933 | I1272: =(E1272-D1271)/D1271 -> -1.5459893e-05 | J1272: =H1272-I1272 -> 0.011123393 | K1272: =(SUM(D1268:D1271)/4-D1271)/D1271 -> -0.00076139974 | L1272: =(SUM(D1263:D1271)/9-D1271)/D1271 -> -0.0054401646 | M1272: =(D1272-F1272)/F1272 -> 0.0094801799 | N1272: =(D1272-G1272)/G1272 -> 0.014949879 | O1272: =(F1272-G1272)/D1272 -> 0.0053385218 | P1272: =(D1272-1257.6)/1257.6 -> 0.040108142 | T1272: =(D1272-D1271)/D1271 -> 0.011107933 | U1272: =(D1272-D1271)/D1271 -> 0.011107933 | V1272: =(D1267-D1271)/D1271 -> -0.0012290615 | W1272: =(D1267*(1-0.01)-D1271)/D1271 -> -0.011216771 | X1272: =(D1272-D1267)/D1267 -> 0.012352176 | Y1272: =(SUM(D1268:D1271)*(0.99/4.01)-D1271)/D1271 -> -0.013220734 | Z1272: =(SUM(D1268:D1271)*(0.995/4.005)-D1271)/D1271 -> -0.0069988442 | AA1272: =(F1272-F1267)/F1267 -> 0.010895701
A1273: =WEEKNUM(C1273,2) -> 4 | B1273: =WEEKDAY(C1273,2) -> 4 | C1273: 40927 | D1273: 1314.5 | E1273: 1308.07 | F1273: =AVERAGE(D1269:D1273) -> 1300.16 | G1273: =AVERAGE(D1264:D1273) -> 1292.493 | H1273: =(D1273-D1272)/D1272 -> 0.0049386869 | I1273: =(E1273-D1272)/D1272 -> 2.2935078e-05 | J1273: =H1273-I1273 -> 0.0049157518 | K1273: =(SUM(D1269:D1272)/4-D1272)/D1272 -> -0.0087650225 | L1273: =(SUM(D1264:D1272)/9-D1272)/D1272 -> -0.013755101 | M1273: =(D1273-F1273)/F1273 -> 0.011029412 | N1273: =(D1273-G1273)/G1273 -> 0.017026785 | O1273: =(F1273-G1273)/D1273 -> 0.005832636 | P1273: =(D1273-1257.6)/1257.6 -> 0.045244911 | T1273: =(D1273-D1272)/D1272 -> 0.0049386869 | U1273: =(D1273-D1272)/D1272 -> 0.0049386869 | V1273: =(D1268-D1272)/D1272 -> -0.011895661 | W1273: =(D1268*(1-0.01)-D1272)/D1272 -> -0.021776704 | X1273: =(D1273-D1268)/D1268 -> 0.017037014 | Y1273: =(SUM(D1269:D1272)*(0.99/4.01)-D1272)/D1272 -> -0.021124561 | Z1273: =(SUM(D1269:D1272)*(0.995/4.005)-D1272)/D1272 -> -0.014952507 | AA1273: =(F1273-F1268)/F1268 -> 0.01193469
... A1511: =WEEKNUM(C1511,2) -> 54 | B1511: =WEEKDAY(C1511,2) -> 1 | C1511: 41274 | D1511: 1426.19 | E1511: 1402.43 | F1511: =AVERAGE(D1507:D1511) -> 1418.642 | G1511: =AVERAGE(D1502:D1511) -> 1428.001 | H1511: =(D1511-D1510)/D1510 -> 0.016942022 | I1511: =(E1511-D1510)/D1510 -> 0 | J1511: =H1511-I1511 -> 0.016942022 | K1511: =(SUM(D1507:D1510)/4-D1510)/D1510 -> 0.010214414 | L1511: =(SUM(D1502:D1510)/9-D1510)/D1510 -> 0.018376833 | M1511: =(D1511-F1511)/F1511 -> 0.0053205812 | N1511: =(D1511-G1511)/G1511 -> -0.0012682064 | O1511: =(F1511-G1511)/D1511 -> -0.0065622393 | P1511: =(D1511-1257.6)/1257.6 -> 0.13405693 | T1511: =(D1511-D1510)/D1510 -> 0.016942022 | U1511: =(D1511-D1510)/D1510 -> 0.016942022 | V1511: =(D1506-D1510)/D1510 -> 0.019765692 | W1511: =(D1506*(1-0.01)-D1510)/D1510 -> 0.0095680355 | X1511: =(D1511-D1506)/D1506 -> -0.0027689403 | Y1511: =(SUM(D1507:D1510)*(0.99/4.01)-D1510)/D1510 -> -0.0023817761 | Z1511: =(SUM(D1507:D1510)*(0.995/4.005)-D1510)/D1510 -> 0.0039084559 | AA1511: =(F1511-F1506)/F1506 -> -0.013022486
A1512: =WEEKNUM(C1512,2) -> 1 | B1512: =WEEKDAY(C1512,2) -> 3 | C1512: 41276 | D1512: 1462.42 | E1512: 1426.19 | F1512: =AVERAGE(D1508:D1512) -> 1425.794 | G1512: =AVERAGE(D1503:D1512) -> 1431.207 | H1512: =(D1512-D1511)/D1511 -> 0.025403347 | I1512: =(E1512-D1511)/D1511 -> 0 | J1512: =H1512-I1512 -> 0.025403347 | K1512: =(SUM(D1508:D1511)/4-D1511)/D1511 -> -0.0066979154 | L1512: =(SUM(D1503:D1511)/9-D1511)/D1511 -> 0.0010860326 | M1512: =(D1512-F1512)/F1512 -> 0.025688143 | N1512: =(D1512-G1512)/G1512 -> 0.021808865 | O1512: =(F1512-G1512)/D1512 -> -0.0037013991 | P1512: =(D1512-1426.19)/1426.19 -> 0.025403347 | T1512: =(D1512-D1511)/D1511 -> 0.025403347 | U1512: =(D1512-D1511)/D1511 -> 0.025403347 | V1512: =(D1507-D1511)/D1511 -> 0.00032954936 | W1512: =(D1507*(1-0.01)-D1511)/D1511 -> -0.0096737461 | X1512: =(D1512-D1507)/D1507 -> 0.025065538 | Y1512: =(SUM(D1508:D1511)*(0.99/4.01)-D1511)/D1511 -> -0.019083228 | Z1512: =(SUM(D1508:D1511)*(0.995/4.005)-D1511)/D1511 -> -0.012898303 | AA1512: =(F1512-F1507)/F1507 -> -0.0075357436
A1513: =WEEKNUM(C1513,2) -> 1 | B1513: =WEEKDAY(C1513,2) -> 4 | C1513: 41277 | D1513: 1459.37 | E1513: 1462.42 | F1513: =AVERAGE(D1509:D1513) -> 1433.702 | G1513: =AVERAGE(D1504:D1513) -> 1432.465 | H1513: =(D1513-D1512)/D1512 -> -0.0020855842 | I1513: =(E1513-D1512)/D1512 -> 0 | J1513: =H1513-I1513 -> -0.0020855842 | K1513: =(SUM(D1509:D1512)/4-D1512)/D1512 -> -0.024025246 | L1513: =(SUM(D1504:D1512)/9-D1512)/D1512 -> -0.022527348 | M1513: =(D1513-F1513)/F1513 -> 0.017903302 | N1513: =(D1513-G1513)/G1513 -> 0.018782309 | O1513: =(F1513-G1513)/D1513 -> 0.00084762603 | P1513: =(D1513-1426.19)/1426.19 -> 0.023264782 | T1513: =(D1513-D1512)/D1512 -> -0.0020855842 | U1513: =(D1513-D1512)/D1512 -> -0.0020855842 | V1513: =(D1508-D1512)/D1512 -> -0.029122961 | W1513: =(D1508*(1-0.01)-D1512)/D1512 -> -0.038831731 | X1513: =(D1513-D1508)/D1508 -> 0.027848404 | Y1513: =(SUM(D1509:D1512)*(0.99/4.01)-D1512)/D1512 -> -0.036194507 | Z1513: =(SUM(D1509:D1512)*(0.995/4.005)-D1512)/D1512 -> -0.030117473 | AA1513: =(F1513-F1508)/F1508 -> 0.0017285855
A1514: =WEEKNUM(C1514,2) -> 1 | B1514: =WEEKDAY(C1514,2) -> 5 | C1514: 41278 | D1514: 1466.47 | E1514: 1459.37 | F1514: =AVERAGE(D1510:D1514) -> 1443.376 | G1514: =AVERAGE(D1505:D1514) -> 1435.531 | H1514: =(D1514-D1513)/D1513 -> 0.004865113 | I1514: =(E1514-D1513)/D1513 -> 0 | J1514: =H1514-I1514 -> 0.004865113 | K1514: =(SUM(D1510:D1513)/4-D1513)/D1513 -> -0.014915683 | L1514: =(SUM(D1505:D1513)/9-D1513)/D1513 -> -0.018690714 | M1514: =(D1514-F1514)/F1514 -> 0.015999989 | N1514: =(D1514-G1514)/G1514 -> 0.021552304 | O1514: =(F1514-G1514)/D1514 -> 0.005349581 | P1514: =(D1514-1426.19)/1426.19 -> 0.028243081 | T1514: =(D1514-D1513)/D1513 -> 0.004865113 | U1514: =(D1514-D1513)/D1513 -> 0.004865113 | V1514: =(D1509-D1513)/D1513 -> -0.028279326 | W1514: =(D1509*(1-0.01)-D1513)/D1513 -> -0.037996533 | X1514: =(D1514-D1509)/D1509 -> 0.034109019 | Y1514: =(SUM(D1510:D1513)*(0.99/4.01)-D1513)/D1513 -> -0.02719853 | Z1514: =(SUM(D1510:D1513)*(0.995/4.005)-D1513)/D1513 -> -0.021064773 | AA1514: =(F1514-F1509)/F1509 -> 0.010989811
A1515: =WEEKNUM(C1515,2) -> 2 | B1515: =WEEKDAY(C1515,2) -> 1 | C1515: 41281 | D1515: 1461.89 | E1515: 1466.47 | F1515: =AVERAGE(D1511:D1515) -> 1455.268 | G1515: =AVERAGE(D1506:D1515) -> 1437.351 | H1515: =(D1515-D1514)/D1514 -> -0.0031231461 | I1515: =(E1515-D1514)/D1514 -> 0 | J1515: =H1515-I1515 -> -0.0031231461 | K1515: =(SUM(D1511:D1514)/4-D1514)/D1514 -> -0.0087676529 | L1515: =(SUM(D1506:D1514)/9-D1514)/D1514 -> -0.021715791 | M1515: =(D1515-F1515)/F1515 -> 0.0045503646 | N1515: =(D1515-G1515)/G1515 -> 0.017072378 | O1515: =(F1515-G1515)/D1515 -> 0.012256052 | P1515: =(D1515-1426.19)/1426.19 -> 0.025031728 | T1515: =(D1515-D1514)/D1514 -> -0.0031231461 | U1515: =(D1515-D1514)/D1514 -> -0.0031231461 | V1515: =(D1510-D1514)/D1514 -> -0.043669492 | W1515: =(D1510*(1-0.01)-D1514)/D1514 -> -0.053232797 | X1515: =(D1515-D1510)/D1510 -> 0.042397838 | Y1515: =(SUM(D1511:D1514)*(0.99/4.01)-D1514)/D1514 -> -0.021127159 | Z1515: =(SUM(D1511:D1514)*(0.995/4.005)-D1514)/D1514 -> -0.014955121 | AA1515: =(F1515-F1510)/F1510 -> 0.025245274
A1516: =WEEKNUM(C1516,2) -> 2 | B1516: =WEEKDAY(C1516,2) -> 2 | C1516: 41282 | D1516: 1457.15 | E1516: 1461.89 | F1516: =AVERAGE(D1512:D1516) -> 1461.46 | G1516: =AVERAGE(D1507:D1516) -> 1440.051 | H1516: =(D1516-D1515)/D1515 -> -0.003242378 | I1516: =(E1516-D1515)/D1515 -> 0 | J1516: =H1516-I1516 -> -0.003242378 | K1516: =(SUM(D1512:D1515)/4-D1515)/D1515 -> 0.00044291978 | L1516: =(SUM(D1507:D1515)/9-D1515)/D1515 -> -0.016238492 | M1516: =(D1516-F1516)/F1516 -> -0.0029491057 | N1516: =(D1516-G1516)/G1516 -> 0.011873885 | O1516: =(F1516-G1516)/D1516 -> 0.014692379 | P1516: =(D1516-1426.19)/1426.19 -> 0.021708188 | T1516: =(D1516-D1515)/D1515 -> -0.003242378 | U1516: =(D1516-D1515)/D1515 -> -0.003242378 | V1516: =(D1511-D1515)/D1515 -> -0.024420442 | W1516: =(D1511*(1-0.01)-D1515)/D1515 -> -0.034176238 | X1516: =(D1516-D1511)/D1511 -> 0.021708188 | Y1516: =(SUM(D1512:D1515)*(0.99/4.01)-D1515)/D1515 -> -0.012031431 | Z1516: =(SUM(D1512:D1515)*(0.995/4.005)-D1515)/D1515 -> -0.0058020423 | AA1516: =(F1516-F1511)/F1511 -> 0.030182386
A1517: =WEEKNUM(C1517,2) -> 2 | B1517: =WEEKDAY(C1517,2) -> 3 | C1517: 41283 | D1517: 1461.02 | E1517: 1457.15 | F1517: =AVERAGE(D1513:D1517) -> 1461.18 | G1517: =AVERAGE(D1508:D1517) -> 1443.487 | H1517: =(D1517-D1516)/D1516 -> 0.0026558693 | I1517: =(E1517-D1516)/D1516 -> 0 | J1517: =H1517-I1517 -> 0.0026558693 | K1517: =(SUM(D1513:D1516)/4-D1516)/D1516 -> 0.0027931236 | L1517: =(SUM(D1508:D1516)/9-D1516)/D1516 -> -0.010713455 | M1517: =(D1517-F1517)/F1517 -> -0.00010950054 | N1517: =(D1517-G1517)/G1517 -> 0.012146282 | O1517: =(F1517-G1517)/D1517 -> 0.012110033 | P1517: =(D1517-1426.19)/1426.19 -> 0.024421711 | T1517: =(D1517-D1516)/D1516 -> 0.0026558693 | U1517: =(D1517-D1516)/D1516 -> 0.0026558693 | V1517: =(D1512-D1516)/D1516 -> 0.0036166489 | W1517: =(D1512*(1-0.01)-D1516)/D1516 -> -0.0064195176 | X1517: =(D1517-D1512)/D1512 -> -0.00095731732 | Y1517: =(SUM(D1513:D1516)*(0.99/4.01)-D1516)/D1516 -> -0.0097105313 | Z1517: =(SUM(D1513:D1516)*(0.995/4.005)-D1516)/D1516 -> -0.0034665089 | AA1517: =(F1517-F1512)/F1512 -> 0.024818452
A1518: =WEEKNUM(C1518,2) -> 2 | B1518: =WEEKDAY(C1518,2) -> 4 | C1518: 41284 | D1518: 1472.12 | E1518: 1464.64 | F1518: =AVERAGE(D1514:D1518) -> 1463.73 | G1518: =AVERAGE(D1509:D1518) -> 1448.716 | H1518: =(D1518-D1517)/D1517 -> 0.0075974319 | I1518: =(E1518-D1517)/D1517 -> 0.002477721 | J1518: =H1518-I1518 -> 0.0051197109 | K1518: =(SUM(D1514:D1517)/4-D1517)/D1517 -> 0.00041922766 | L1518: =(SUM(D1509:D1517)/9-D1517)/D1517 -> -0.010201397 | M1518: =(D1518-F1518)/F1518 -> 0.0057319314 | N1518: =(D1518-G1518)/G1518 -> 0.016154995 | O1518: =(F1518-G1518)/D1518 -> 0.010198897 | P1518: =(D1518-1426.19)/1426.19 -> 0.032204685 | T1518: =(D1518-D1517)/D1517 -> 0.0075974319 | U1518: =(D1518-D1517)/D1517 -> 0.0075974319 | V1518: =(D1513-D1517)/D1517 -> -0.001129348 | W1518: =(D1513*(1-0.01)-D1517)/D1517 -> -0.011118055 | X1518: =(D1518-D1513)/D1513 -> 0.0087366466 | Y1518: =(SUM(D1514:D1517)*(0.99/4.01)-D1517)/D1517 -> -0.012054828 | Z1518: =(SUM(D1514:D1517)*(0.995/4.005)-D1517)/D1517 -> -0.0058255865 | AA1518: =(F1518-F1513)/F1513 -> 0.02094438
A1519: =WEEKNUM(C1519,2) -> 2 | B1519: =WEEKDAY(C1519,2) -> 5 | C1519: 41285 | D1519: 1472.05 | E1519: 1472.12 | F1519: =AVERAGE(D1515:D1519) -> 1464.846 | G1519: =AVERAGE(D1510:D1519) -> 1454.111 | H1519: =(D1519-D1518)/D1518 -> -4.7550471e-05 | I1519: =(E1519-D1518)/D1518 -> 0 | J1519: =H1519-I1519 -> -4.7550471e-05 | K1519: =(SUM(D1515:D1518)/4-D1518)/D1518 -> -0.006164579 | L1519: =(SUM(D1510:D1518)/9-D1518)/D1518 -> -0.013587359 | M1519: =(D1519-F1519)/F1519 -> 0.0049179231 | N1519: =(D1519-G1519)/G1519 -> 0.012336747 | O1519: =(F1519-G1519)/D1519 -> 0.0072925512 | P1519: =(D1519-1426.19)/1426.19 -> 0.032155603 | T1519: =(D1519-D1518)/D1518 -> -4.7550471e-05 | U1519: =(D1519-D1518)/D1518 -> -4.7550471e-05 | V1519: =(D1514-D1518)/D1518 -> -0.0038380023 | W1519: =(D1514*(1-0.01)-D1518)/D1518 -> -0.013799622 | X1519: =(D1519-D1514)/D1514 -> 0.0038050557 | Y1519: =(SUM(D1515:D1518)*(0.99/4.01)-D1518)/D1518 -> -0.018556542 | Z1519: =(SUM(D1515:D1518)*(0.995/4.005)-D1518)/D1518 -> -0.012368296 | AA1519: =(F1519-F1514)/F1514 -> 0.014874849
A1520: =WEEKNUM(C1520,2) -> 3 | B1520: =WEEKDAY(C1520,2) -> 1 | C1520: 41288 | D1520: 1470.68 | E1520: 1472.05 | F1520: =AVERAGE(D1516:D1520) -> 1466.604 | G1520: =AVERAGE(D1511:D1520) -> 1460.936 | H1520: =(D1520-D1519)/D1519 -> -0.00093067491 | I1520: =(E1520-D1519)/D1519 -> 0 | J1520: =H1520-I1520 -> -0.00093067491 | K1520: =(SUM(D1516:D1519)/4-D1519)/D1519 -> -0.0043918345 | L1520: =(SUM(D1511:D1519)/9-D1519)/D1519 -> -0.0082854975 | M1520: =(D1520-F1520)/F1520 -> 0.0027792097 | N1520: =(D1520-G1520)/G1520 -> 0.0066696967 | O1520: =(F1520-G1520)/D1520 -> 0.0038539995 | P1520: =(D1520-1426.19)/1426.19 -> 0.031195002 | T1520: =(D1520-D1519)/D1519 -> -0.00093067491 | U1520: =(D1520-D1519)/D1519 -> -0.00093067491 | V1520: =(D1515-D1519)/D1519 -> -0.0069019395 | W1520: =(D1515*(1-0.01)-D1519)/D1519 -> -0.01683292 | X1520: =(D1520-D1515)/D1515 -> 0.0060127643 | Y1520: =(SUM(D1516:D1519)*(0.99/4.01)-D1519)/D1519 -> -0.016805901 | Z1520: =(SUM(D1516:D1519)*(0.995/4.005)-D1519)/D1519 -> -0.010606617 | AA1520: =(F1520-F1515)/F1515 -> 0.0077896305
A1521: =WEEKNUM(C1521,2) -> 3 | B1521: =WEEKDAY(C1521,2) -> 2 | C1521: 41289 | D1521: 1472.34 | E1521: 1470.67 | F1521: =AVERAGE(D1517:D1521) -> 1469.642 | G1521: =AVERAGE(D1512:D1521) -> 1465.551 | H1521: =(D1521-D1520)/D1520 -> 0.0011287296 | I1521: =(E1521-D1520)/D1520 -> -6.7995757e-06 | J1521: =H1521-I1521 -> 0.0011355291 | K1521: =(SUM(D1517:D1520)/4-D1520)/D1520 -> -0.0011644273 | L1521: =(SUM(D1512:D1520)/9-D1520)/D1520 -> -0.004000417 | M1521: =(D1521-F1521)/F1521 -> 0.0018358212 | N1521: =(D1521-G1521)/G1521 -> 0.0046323874 | O1521: =(F1521-G1521)/D1521 -> 0.0027785702 | P1521: =(D1521-1426.19)/1426.19 -> 0.032358942 | T1521: =(D1521-D1520)/D1520 -> 0.0011287296 | U1521: =(D1521-D1520)/D1520 -> 0.0011287296 | V1521: =(D1516-D1520)/D1520 -> -0.0091998259 | W1521: =(D1516*(1-0.01)-D1520)/D1520 -> -0.019107828 | X1521: =(D1521-D1516)/D1516 -> 0.010424459 | Y1521: =(SUM(D1517:D1520)*(0.99/4.01)-D1520)/D1520 -> -0.013618736 | Z1521: =(SUM(D1517:D1520)*(0.995/4.005)-D1520)/D1520 -> -0.007399356 | AA1521: =(F1521-F1516)/F1516 -> 0.0055985111
A1522: =WEEKNUM(C1522,2) -> 3 | B1522: =WEEKDAY(C1522,2) -> 3 | C1522: 41290 | D1522: 1472.63 | E1522: 1472.33 | F1522: =AVERAGE(D1518:D1522) -> 1471.964 | G1522: =AVERAGE(D1513:D1522) -> 1466.572 | H1522: =(D1522-D1521)/D1521 -> 0.00019696537 | I1522: =(E1522-D1521)/D1521 -> -6.7919095e-06 | J1522: =H1522-I1522 -> 0.00020375728 | K1522: =(SUM(D1518:D1521)/4-D1521)/D1521 -> -0.00036846109 | L1522: =(SUM(D1513:D1521)/9-D1521)/D1521 -> -0.0043747444 | M1522: =(D1522-F1522)/F1522 -> 0.00045245672 | N1522: =(D1522-G1522)/G1522 -> 0.0041307212 | O1522: =(F1522-G1522)/D1522 -> 0.0036614764 | P1522: =(D1522-1426.19)/1426.19 -> 0.032562281 | T1522: =(D1522-D1521)/D1521 -> 0.00019696537 | U1522: =(D1522-D1521)/D1521 -> 0.00019696537 | V1522: =(D1517-D1521)/D1521 -> -0.0076884415 | W1522: =(D1517*(1-0.01)-D1521)/D1521 -> -0.017611557 | X1522: =(D1522-D1517)/D1517 -> 0.0079465031 | Y1522: =(SUM(D1518:D1521)*(0.99/4.01)-D1521)/D1521 -> -0.012832695 | Z1522: =(SUM(D1518:D1521)*(0.995/4.005)-D1521)/D1521 -> -0.0066083583 | AA1522: =(F1522-F1517)/F1517 -> 0.0073803364
A1523: =WEEKNUM(C1523,2) -> 3 | B1523: =WEEKDAY(C1523,2) -> 4 | C1523: 41291 | D1523: 1480.94 | E1523: 1472.63 | F1523: =AVERAGE(D1519:D1523) -> 1473.728 | G1523: =AVERAGE(D1514:D1523) -> 1468.729 | H1523: =(D1523-D1522)/D1522 -> 0.0056429653 | I1523: =(E1523-D1522)/D1522 -> 0 | J1523: =H1523-I1523 -> 0.0056429653 | K1523: =(SUM(D1519:D1522)/4-D1522)/D1522 -> -0.00047873532 | L1523: =(SUM(D1514:D1522)/9-D1522)/D1522 -> -0.0035703318 | M1523: =(D1523-F1523)/F1523 -> 0.0048937117 | N1523: =(D1523-G1523)/G1523 -> 0.0083139912 | O1523: =(F1523-G1523)/D1523 -> 0.0033755588 | P1523: =(D1523-1426.19)/1426.19 -> 0.038388994 | T1523: =(D1523-D1522)/D1522 -> 0.0056429653 | U1523: =(D1523-D1522)/D1522 -> 0.0056429653 | V1523: =(D1518-D1522)/D1522 -> -0.00034631917 | W1523: =(D1518*(1-0.01)-D1522)/D1522 -> -0.010342856 | X1523: =(D1523-D1518)/D1518 -> 0.0059913594 | Y1523: =(SUM(D1519:D1522)*(0.99/4.01)-D1522)/D1522 -> -0.012941594 | Z1523: =(SUM(D1519:D1522)*(0.995/4.005)-D1522)/D1522 -> -0.0067179442 | AA1523: =(F1523-F1518)/F1518 -> 0.0068304947
...

Sheet 博时标普500ETF联接C
A1: week of year | B1: weekday | C1: 净值日期 | D1: 单位净值 | E1: 累计净值 | F1: 日增长率 | G1: YTD
A2: =WEEKNUM(C2,2) -> 53 | B2: =WEEKDAY(C2,2) -> 4 | C2: 44196 | D2: 2.7428 | E2: 2.7428 | F2: 0.0051
A3: =WEEKNUM(C3,2) -> 2 | B3: =WEEKDAY(C3,2) -> 1 | C3: 44200 | D3: 2.71 | E3: 2.71 | F3: -0.012 | G3: =(D3-2.7428)/2.7428 -> -0.011958582
A4: =WEEKNUM(C4,2) -> 2 | B4: =WEEKDAY(C4,2) -> 2 | C4: 44201 | D4: 2.7034 | E4: 2.7034 | F4: -0.0024 | G4: =(D4-2.7428)/2.7428 -> -0.014364883
A5: =WEEKNUM(C5,2) -> 2 | B5: =WEEKDAY(C5,2) -> 3 | C5: 44202 | D5: 2.712 | E5: 2.712 | F5: 0.0032 | G5: =(D5-2.7428)/2.7428 -> -0.011229401
A6: =WEEKNUM(C6,2) -> 2 | B6: =WEEKDAY(C6,2) -> 4 | C6: 44203 | D6: 2.7513 | E6: 2.7513 | F6: 0.0145 | G6: =(D6-2.7428)/2.7428 -> 0.0030990229
A7: =WEEKNUM(C7,2) -> 2 | B7: =WEEKDAY(C7,2) -> 5 | C7: 44204 | D7: 2.7699 | E7: 2.7699 | F7: 0.0068 | G7: =(D7-2.7428)/2.7428 -> 0.0098804142
A8: =WEEKNUM(C8,2) -> 3 | B8: =WEEKDAY(C8,2) -> 1 | C8: 44207 | D8: 2.7544 | E8: 2.7544 | F8: -0.0056 | G8: =(D8-2.7428)/2.7428 -> 0.0042292548
A9: =WEEKNUM(C9,2) -> 3 | B9: =WEEKDAY(C9,2) -> 2 | C9: 44208 | D9: 2.7577 | E9: 2.7577 | F9: 0.0012 | G9: =(D9-2.7428)/2.7428 -> 0.0054324048
A10: =WEEKNUM(C10,2) -> 3 | B10: =WEEKDAY(C10,2) -> 3 | C10: 44209 | D10: 2.755 | E10: 2.755 | F10: -0.001 | G10: =(D10-2.7428)/2.7428 -> 0.0044480093
